track_id,name,artist,popularity,album_release_date,danceability,wordiness,duration_ms,
75FpbthrwQmzHlBJLuGdC7,Call You Mine - Keanu Silva Remix,The Chainsmokers,60,2019-07-19,0.718,0.102,169093,
55nMnifaQWKe3f9cbwOXwx,Summer Days (feat. Macklemore & Patrick Stump of Fall Out Boy) - Tiësto Remix,Martin Garrix,63,2019-07-12,0.69,0.0594,255238,
3TjLsDgL0bTbSQIF6M5Ki8,Say My Name (feat. Bebe Rexha & J Balvin) - Lucas & Steve Remix,David Guetta,65,2018-12-28,0.678,0.165,189375,
1mC2UjWt25Oixtqu7C6suL,Don't Leave Me Alone (feat. Anne-Marie) - EDX's Indian Summer Remix,David Guetta,62,2019-05-08,0.684,0.128,210968,
4sqABRRGU7CzcHXCyxUzFw,Do You Mean (feat. Ty Dolla $ign & bülow) - Myon Remix,The Chainsmokers,58,2019-05-24,0.62,0.0352,205093,
7FDaS1k08rwMoAThmzUkOZ,Side Effects - Fedde Le Grand Remix,The Chainsmokers,63,2018-07-25,0.633,0.0432,172360,
4RaN7556EogBfF80klMEX2,Stay (Don't Go Away) [feat. Raye] - Mark Knight Remix,David Guetta,58,2019-07-11,0.607,0.0487,188640,
05CwHjIk71RXVU40boRMnR,Call You Mine,The Chainsmokers,39,2019-05-31,0.591,0.0289,217653,
6wo37KVqFJhtuxPTpLCcfe,Takeaway (feat. Lennon Stella),The Chainsmokers,67,2019-07-24,0.294,0.042,209893,
1ahVFh0ViDZr8LvkEVlq3B,No Sleep (feat. Bonn),Martin Garrix,76,2019-02-21,0.44,0.0326,207095,
4aTtHoSBB0CuQGA6vXBNyp,Home (feat. Bonn),Martin Garrix,72,2019-08-16,0.466,0.0307,239067,
7BKLCZ1jbUBVqRi2FVlTVw,Closer (feat. Halsey),The Chainsmokers,85,2016-07-29,0.748,0.0338,244960,
3ebXMykcMXOcLeJ9xZ17XH,Scared to Be Lonely,Martin Garrix,81,2017-01-27,0.584,0.0576,220883,
762UXiwEHYY97VL45sAUPR,2U,David Guetta,66,2017-06-09,0.551,0.0594,194907,
6RUKPb4LETWmmr3iAEQktW,Something Just Like This,The Chainsmokers,83,2017-04-07,0.617,0.0317,247160,
3vv9phIu6Y1vX3jcqaGz5Z,Roses,The Chainsmokers,73,2015-06-16,0.713,0.0561,226739,
3tTYxjYYcXFqFXA0AZ1Fav,Flames,David Guetta,57,2018-09-14,0.609,0.0414,195000,
0lHAMNU8RGiIObScrsRgmP,Titanium (feat. Sia),David Guetta,66,2011-08-26,0.604,0.103,245040,
0U6bQIAh6MCGo1xjbIIx2S,Instagram,Dimitri Vegas & Like Mike,81,2019-07-05,0.765,0.0965,184558,
5EdYlCWou17k0N1PADLKfO,Call You Mine - Asketa & Natan Chaim Remix,The Chainsmokers,58,2019-07-19,0.577,0.0406,183653,
4YhN72dRYL2Z3MsaKyT7rS,Stay (Don't Go Away) [feat. Raye],David Guetta,74,2019-05-09,0.669,0.0624,185943,
7pWK1kMgHy5lNNiIfuRbkP,Used To Love (with Dean Lewis),Martin Garrix,83,2019-10-31,0.651,0.0375,236765,
3GT2CBmJWIEdCpHiB31WYK,Never Be Alone (feat. Aloe Blacc),David Guetta,68,2019-07-26,0.535,0.0353,178671,
5YN0zHycJ0Yxz31A5QsVov,These Are The Times (feat. JRM),Martin Garrix,71,2019-07-18,0.687,0.0328,188656,
3eW2EDwNRAiQKkgom96dUa,Summer Air (feat. Trevor Guthrie),Hardwell,40,2019-05-31,0.632,0.053,201905,
4huh5oqBz9RkgpzAkyuEAs,I'm Not Sorry,Hardwell,34,2019-03-08,0.65,0.0551,186094,
4Tvw0lweq9l2JPQKFbpbBQ,Better When You're Gone,David Guetta,76,2019-02-08,0.647,0.0372,192402,
7Feaw9WAEREY0DUOSXJLOM,Summer Days (feat. Macklemore & Patrick Stump of Fall Out Boy),Martin Garrix,83,2019-04-25,0.661,0.0566,163805,
4ut5G4rgB1ClpMTMfjoIuy,High On Life (feat. Bonn),Martin Garrix,77,2018-07-29,0.414,0.0311,230762,
7IWTIkiWGWNQyYfOLdMrGD,Burn Out (feat. Dewain Whitmore),Martin Garrix,68,2018-09-14,0.594,0.0398,200322,
47knrBbYhqtrggWYSkU6h1,Glitch,Martin Garrix,56,2018-12-14,0.715,0.0325,185161,
6RnkFd8Fqqgk1Uni8RgqCQ,Like I Do,David Guetta,72,2018-02-22,0.635,0.0377,202500,
23L5CiUhw2jV1OIMwthR3S,In the Name of Love,Martin Garrix,80,2016-07-29,0.501,0.0409,195707,
0PCRR19Pf4iiuvSrPxtQ0x,Sunshine,David Guetta,54,2012-12-07,0.59,0.0437,360960,
3pWcj8hxj3fsb9TDAcMpEl,Somebody,The Chainsmokers,13,2018-04-20,0.532,0.0328,223147,
50RJdoxw8iajGNtHQe6QeS,Something Just Like This - Alesso Remix,The Chainsmokers,56,2017-04-28,0.672,0.0472,252933,
5EwwwdsQfKI8ZnFG93j5Zu,Forever,Martin Garrix,62,2017-10-20,0.45,0.0395,218437,
15BlympuVSfZFROojEMY2M,Don't Let Me Down - Illenium Remix,The Chainsmokers,64,2016-05-27,0.428,0.075,218933,
6xUy203RnyyOfbqf96Nven,Selfish,Dimitri Vegas & Like Mike,69,2019-02-15,0.407,0.282,167857,
6F1kPSgdnlSzZRfskE9vaV,Lions in the Wild,Martin Garrix,2,2016-05-27,0.504,0.0442,211890,
2i2zYdN4KCkTCDscdMYr87,Lovers on the Sun (feat. Sam Martin),David Guetta,47,2014-11-24,0.645,0.0387,203520,
24tVqMiAtv8jmpNPhBEsDY,Now That I've Found You,Martin Garrix,57,2016-03-11,0.495,0.0319,192632,
3TKpJrY9q49Mj1JOsM9zGL,Family,The Chainsmokers,85,2019-12-06,0.584,0.0356,194827,
2a3dopgTF1q4rMVDJ1rwBU,Push My Luck,The Chainsmokers,66,2019-11-08,0.584,0.0395,181844,
5MvLsT03RBp67RLoeISCdl,Do You Mean (feat. Ty Dolla $ign & bülow),The Chainsmokers,17,2019-04-26,0.6,0.0394,193176,
1Pz3QmQFBFuI60rxCQBeW6,Kills You Slowly,The Chainsmokers,12,2019-03-29,0.696,0.0554,213333,
18KjYhghq6K3ZmfcewWDp6,Mistaken (feat. Alex Aris),Martin Garrix,68,2019-03-31,0.424,0.0386,282481,
2qv6LU59qyGRzm4X2TFYMl,Instagram - Dimitri Vegas & Like Mike VS Trobi Remix,Dimitri Vegas & Like Mike,41,2019-11-08,0.759,0.0888,144762,
15vzANxN8G9wWfwAJLLMCg,Paris,The Chainsmokers,75,2017-01-13,0.646,0.031,221520,
0YammaEkYSeo9vQYZ1OwS6,Say My Name,David Guetta,78,2018-09-14,0.703,0.123,198947,
11cDEev79fPKi6uJCjUhu8,Who Do You Love,The Chainsmokers,23,2019-02-07,0.51,0.0447,226747,
1mQ6oxC6caPHPY1siLKNzO,Summer Air (feat. Trevor Guthrie),Hardwell,51,2019-05-31,0.632,0.053,201905,
1dNIEtp7AY3oDAKCGg2XkH,Something Just Like This,The Chainsmokers,76,2017-02-22,0.607,0.0362,247627,
1i1fxkWeaMmKEB4T7zqbzK,Don't Let Me Down,The Chainsmokers,81,2016-02-05,0.532,0.172,208373,
3g0mEQx3NTanacLseoP0Gw,Takeaway,The Chainsmokers,85,2019-12-06,0.528,0.0324,209880,
0TDLuuLlV54CkRRUOahJb4,Titanium (feat. Sia),David Guetta,79,2012-12-07,0.604,0.103,245040,
7hQJA50XrCWABAu5v6QZ4i,Don't Stop Me Now - 2011 Mix,Queen,75,1978-11-10,0.563,0.16,209413,
5Q41NLTmGbVPozwHKK7bk2,Paradise City,Guns N' Roses,16,1987-01-01,0.274,0.0896,406307,
76P07ei8drjrenqtvDbefy,Hotline Bling,Drake,0,2016-05-06,0.905,0.0596,267187,
6T27IN7Ai94BeDv6PPCmoC,Turn Me On (feat. Nicki Minaj),David Guetta,64,2012-12-07,0.704,0.0591,199680,
127uq83uGFapbddqiMUKky,Sexy Bitch (feat. Akon),David Guetta,72,2010-11-22,0.813,0.0486,195853,
2a1o6ZejUi8U3wzzOtCOYw,Danza Kuduro,Don Omar,75,2010-01-01,0.4,0.28,198773,
1xznGGDReH1oQq0xzbwXa3,One Dance,Drake,20,2016-05-06,0.791,0.0532,173987,
7oY3KqKUERINrawkzIqTgx,Hey Baby,Dimitri Vegas & Like Mike,0,2016-11-04,0.601,0.132,191213,
3A7qX2QjDlPnazUsRk5y0M,2U (feat. Justin Bieber),David Guetta,71,2017-06-09,0.548,0.0591,194897,
11KJSRSgaDxqydKYiD2Jew,Too Good,Drake,12,2016-05-06,0.804,0.117,263373,
53Y0kdCa1CZ9gRqEuknfwy,Bang My Head (feat. Sia & Fetty Wap),David Guetta,64,2015-11-27,0.599,0.0789,193333,
15kQGEy89K8deJcZVFEn0N,This Feeling (feat. Kelsea Ballerini),The Chainsmokers,22,2018-09-18,0.539,0.0432,199227,
4BiiOzZCrXEzHRLYcYFiD5,Hope,The Chainsmokers,74,2018-12-14,0.773,0.0958,180120,
0cge96qsW6ifXppeiiRIGd,How You Love Me (feat. Conor Maynard & Snoop Dogg),Hardwell,61,2018-12-07,0.775,0.0468,194286,
1GxHeBvQ9935Dd3cSfsfBa,Best I Ever Had,Drake,72,2010-01-01,0.431,0.33,258760,
46NBoIAHrmR7qcUGCIFEjR,This One's for You (feat. Zara Larsson) (Official Song UEFA EURO 2016),David Guetta,68,2016-05-13,0.367,0.0488,207273,
0JoaFxLgrqbWutREzcZBzS,One Dance,Drake,12,2016-04-05,0.771,0.0511,173975,
7pqgMEKsDMOHUdFQ7n0N9K,Dangerous (feat. Sam Martin),David Guetta,66,2014-11-21,0.466,0.0795,203641,
1SgdUjvppHnIp6L7DZSnwc,She Wolf (Falling to Pieces) (feat. Sia),David Guetta,67,2012-12-07,0.492,0.0655,222500,
31RuuWQ8XpyLNp5iKMyxWq,Rise (feat. Skylar Grey),David Guetta,43,2014-11-21,0.656,0.0511,235385,
6eIacmhkE82vZlMDnGS7aP,Bad (feat. Vassy) - Radio Edit,David Guetta,65,2014-11-21,0.614,0.088,170625,
1B3t5xC2jzTgjDOwawchu8,Sexy Bitch (feat. Akon),David Guetta,18,2010-11-22,0.813,0.0486,195853,
4f3uZW3Wc1uO2cN4WJs5nu,I Can Only Imagine (feat. Chris Brown & Lil Wayne),David Guetta,55,2012-12-07,0.67,0.0427,209533,
6qVXkG01rBYGfxIndGOQ3z,Shot Me Down (feat. Skylar Grey) - Radio Edit,David Guetta,60,2014-11-21,0.347,0.0549,191412,
285HeuLxsngjFn4GGegGNm,Hey Mama (feat. Nicki Minaj Bebe Rexha & Afrojack),David Guetta,71,2014-11-21,0.596,0.151,192560,
7ks6AZmFcm3Y6PGGxGSmlB,Where Them Girls At (feat. Nicki Minaj & Flo Rida),David Guetta,69,2012-12-07,0.666,0.0414,194840,
1UfBAJfmofTffrae5ls6DA,Hotline Bling,Drake,10,2015-07-31,0.893,0.0549,267024,
3FWPoYBDserKdzcattMFGa,Roses,The Chainsmokers,63,2015-10-23,0.718,0.0473,225813,
7crMiinWx373rNBZBaVske,Closer,The Chainsmokers,62,2016-11-04,0.736,0.0297,245507,
1Sl3njkhhz8nrSPZroDQ82,Complicated (feat. Kiiara),Dimitri Vegas & Like Mike,66,2017-07-28,0.678,0.0313,184248,
2rizacJSyD9S1IQUxUxnsK,All We Know,The Chainsmokers,70,2016-09-29,0.662,0.0307,194080,
0OlnLZY4cmQzT6ZGttvWBM,So Far Away (feat. Jamie Scott & Romy Dya),Martin Garrix,72,2017-12-01,0.526,0.0569,183637,
3nc420PXjTdBV5TN0gCFkS,Ocean (feat. Khalid),Martin Garrix,76,2018-06-15,0.506,0.0412,216420,
1zi7xx7UVEFkmKfv06H8x0,One Dance,Drake,83,2016-05-06,0.792,0.0536,173987,
66BjcDhhwWCcQIBxHMpKXh,Flames,David Guetta,68,2018-09-14,0.631,0.0385,194680,
3LxFqieGoMcJSnDVHokSLp,Colors (feat. Andreas Moe),Hardwell,35,2015-01-20,0.597,0.0352,240938,
4PdJSsESm34djLfBde9Pr2,Would I Lie to You - Radio Edit,David Guetta,64,2016-09-30,0.671,0.309,197648,
16Cs9KsHzgunxaEfGrXysG,Play Hard (feat. Ne-Yo & Akon) - New Edit,David Guetta,66,2013-03-15,0.723,0.0435,208845,
55VzNhbcf0Gxf6qRCUAV01,Little Bad Girl (feat. Taio Cruz & Ludacris),David Guetta,58,2012-12-07,0.668,0.0334,192276,
6jA8HL9i4QGzsj6fjoxp8Y,There for You,Martin Garrix,74,2017-05-26,0.611,0.0553,221904,
5nUJym1qItTzwWx2zfSxUb,Follow Me (feat. Jason Derulo),Hardwell,38,2015-01-20,0.519,0.0547,199849,
6nLctpnQJiPTxkaSgbPKiw,Together,Martin Garrix,61,2016-10-28,0.509,0.0343,221274,
62yjOWjA3tb65zgQWdFNx7,Shot Me Down (feat. Skylar Grey) - Radio Edit,David Guetta,44,2015-11-27,0.347,0.0549,191412,
7L97R04c6ZaPlU8xSxibQp,Bad (feat. Vassy) - Radio Edit,David Guetta,48,2015-11-27,0.614,0.088,170625,
2G7V7zsVDxg1yRsu7Ew9RJ,In My Feelings,Drake,83,2018-06-29,0.835,0.125,217925,
6DCZcSspjsKoFjzjrWoCdn,God's Plan,Drake,86,2018-06-29,0.754,0.109,198973,
4EAV2cKiqKP5UPZmY6dejk,Everyday,Logic,77,2018-03-09,0.667,0.0378,204747,
12VWzyPDBCc8fqeWCAfNwR,One Dance,Drake,68,2016-05-13,0.792,0.0536,173987,
7hDc8b7IXETo14hHIHdnhd,Passionfruit,Drake,15,2017-03-18,0.809,0.0396,298941,
3O8NlPh2LByMU9lSRSHedm,Controlla,Drake,73,2016-05-06,0.611,0.179,245227,
7rn94fZKrOwHunAgWtvJUs,Memories (feat. Kid Cudi),David Guetta,2,2010-11-22,0.544,0.26,210093,
6EsH66Uto1zwZlDGQ6RokU,Forbidden Voices,Martin Garrix,64,2015-02-23,0.534,0.0368,230635,
73TU1voolT9RHWGLOHyM0J,Titanium (feat. Sia) - Alesso Remix,David Guetta,46,2011-12-09,0.696,0.0461,403810,
1lpFXKKckqVkyAN1lPwwC2,Radio Ga Ga,Queen,3,1984-02-27,0.762,0.0379,349133,
0bVtevEgtDIeRjCJbK3Lmv,Welcome To The Jungle,Guns N' Roses,78,1987-01-01,0.446,0.0764,272027,
7o2CTH4ctstm8TNelqjb51,Sweet Child O' Mine,Guns N' Roses,82,1987-01-01,0.454,0.0446,354520,
1KeZgPUr54C8iz3FjqzVoz,Young,The Chainsmokers,65,2017-04-07,0.615,0.0291,224773,
6nmz4imkDcmtwMjocAzFSx,Hotline Bling,Drake,9,2015-07-31,0.896,0.0571,267024,
3UN6cIn3VIyg0z1LCuFSum,Without You (feat. Usher),David Guetta,67,2012-12-07,0.608,0.0285,208133,
5brMyscUnQg14hMriS91ks,Kanye,The Chainsmokers,60,2014-08-05,0.599,0.0523,229947,
4XnoRlIGtEOaqvQWFNsH8H,Say My Name,David Guetta,5,2018-10-26,0.703,0.123,198947,
1ywuaylLSmjHXsZOr0CY9U,Push My Luck - Famba Remix,The Chainsmokers,59,2019-11-29,0.632,0.0396,178067,
5r7WvQtyPfy1xch5zMgGRp,Behind Barz - Bonus,Drake,77,2019-09-13,0.854,0.172,163121,
6BdgtqiV3oXNqBikezwdvC,Over,Drake,63,2010-01-01,0.35,0.2,233560,
5ry2OE6R2zPQFDO85XkgRb,Money In The Grave (Drake ft. Rick Ross),Drake,88,2019-06-15,0.831,0.046,205427,
3e7Y6sfFlIdBMJhX7wpqVO,44 More,Logic,73,2018-03-09,0.824,0.221,188600,
4Sj8JZ9zZfl8HaOav5yTVq,1-800-273-8255,Logic,3,2017-04-28,0.622,0.0414,250200,
2XW4DbS6NddZxRPm5rMCeY,God's Plan,Drake,17,2018-01-20,0.758,0.103,198960,
7cGFbx7MP0H23iHZTZpqMM,Everybody,Logic,69,2017-05-05,0.885,0.0909,162347,
0lwkTJnLBVWvEnxtku7Msy,Alright,Logic,64,2014-10-21,0.807,0.0481,218280,
1cTZMwcBJT0Ka3UJPXOeeN,Nice For What,Drake,18,2018-04-06,0.567,0.0736,210926,
5lFDtgWsjRJu8fPOAyJIAK,Back To Back,Drake,69,2015-07-31,0.893,0.356,170638,
27GmP9AWRs744SzKcpJsTZ,Jumpman,Drake,75,2015-09-20,0.852,0.187,205879,
6HSqyfGnsHYw9MmIpa9zlZ,Forever,Drake,67,2009-01-01,0.415,0.374,357347,
2Vx8E3K5icPZR7OCklWBXX,Nonstop,Drake,13,2018-06-29,0.909,0.14,238613,
4B7fTyj1FIPvP9tT5X3DnR,Behind Barz - Bonus,Drake,74,2019-09-13,0.854,0.172,163121,
5AebNkVaY2zcdNFCqPBIV7,OCD (with Dwn2earth),Logic,70,2019-10-25,0.66,0.197,291707,
4EQSeRRJmk3h3HQ5KlkzVy,Confessions of a Dangerous Mind,Logic,12,2019-05-10,0.806,0.208,283867,
2MuMD298IpYqKF367wegUd,Homicide (feat. Eminem),Logic,19,2019-05-10,0.694,0.398,245387,
2CqMWqcHywYRvwzdw2Wh4P,Wannabe,Logic,7,2019-05-10,0.917,0.0946,78800,
0XIsaklmegqPEdOr38DVEt,clickbait,Logic,7,2019-05-10,0.848,0.0925,157000,
43IfdE75ficQgsI8QGBvwb,Mama/Show Love (feat. YBN Cordae),Logic,10,2019-05-10,0.574,0.124,241307,
3Z6O6zNyxqmqevwy5Dy4cs,Out Of Sight,Logic,7,2019-05-10,0.737,0.132,137947,
45uPKvMUFmObuDYka9AnKa,Pardon My Ego,Logic,6,2019-05-10,0.876,0.0683,173547,
2SDFznsHkeFXiPFwN0npVM,COMMANDO (feat. G-Eazy),Logic,9,2019-05-10,0.845,0.313,211933,
5sCwso3aURYAdieWEFI1nE,Icy (feat. Gucci Mane),Logic,11,2019-05-10,0.827,0.0845,265267,
0ZN72tCEgbwPXEtj6TPMxK,Still Ballin (feat. Wiz Khalifa),Logic,10,2019-05-10,0.79,0.104,239987,
6R59nB9CEaOqrRVxu7JAoR,Cocaine,Logic,6,2019-05-10,0.816,0.268,174560,
6uS8KevqrhUjVjFZfWxsTh,Limitless,Logic,7,2019-05-10,0.838,0.0933,244680,
1JIgaRnqtzS7DuGM3hVZU9,Keanu Reeves,Logic,16,2019-05-10,0.712,0.24,225933,
3SoJfUu95PNVx1rmcXwGsL,Don't Be Afraid To Be Different (feat. Will Smith),Logic,5,2019-05-10,0.872,0.123,167920,
0fpzjL5pP2M8sWifmQqLZn,BOBBY (feat. My Dad),Logic,6,2019-05-10,0.822,0.316,167827,
2lef7yeg5qkPNt0ptulqfW,Lost In Translation,Logic,8,2019-05-10,0.569,0.364,289720,
5JDwLHI2YUkFSFSn4g5pGd,Can I Kick It,Logic,58,2019-03-26,0.789,0.0614,201547,
17N5FdRwJuv3UXQ7MHnbhF,Ballin,Logic,71,2018-06-15,0.737,0.221,166080,
66urf1ZXFy4qVKdNqcdbaZ,Till The End,Logic,61,2014-10-21,0.587,0.214,312360,
5tz69p7tJuGPeMGwNTxYuV,1-800-273-8255,Logic,81,2017-05-05,0.62,0.0479,250173,
2Egoo3acImq7hV6TfYV90E,Everybody Dies,Logic,59,2018-09-28,0.784,0.152,250213,
5ZcMWSpUeUPvO87FkSZbJB,The Return,Logic,59,2018-09-28,0.801,0.177,252053,
4CstQ0SUkl0YkoeZkIZlIx,100 Miles and Running (ft. Wale & John Lindahl),Logic,60,2018-09-28,0.835,0.0653,353453,
1FmdAhS8FqRoEJ4jcSfuKZ,ICONIC (ft. Jaden Smith),Logic,63,2018-09-28,0.388,0.241,298133,
7rKKh8AGVXuNXgLBpTBTFH,One Day (ft. Ryan Tedder),Logic,56,2018-09-28,0.546,0.148,198107,
2zIAPysksDdMAiG33qH6kW,Ordinary Day (ft. Hailee Steinfeld),Logic,57,2018-09-28,0.748,0.0748,188400,
7BKUWh5sdtdS17crohRe4L,Black SpiderMan,Logic,63,2017-05-05,0.622,0.0893,331267,
3s3VVLE1kB7Xk2AoJKlGmr,Overnight,Logic,60,2018-03-09,0.861,0.0608,217560,
1GtVGc1UYin3zpMUdNSSpM,Midnight,Logic,64,2018-03-09,0.568,0.108,241427,
7u90MSvVyEjL0c8icaE7jl,Contra,Logic,61,2018-03-09,0.804,0.0488,217147,
4fZxGiES1FKbNqJPrI4L3s,BoomTrap Protocol,Logic,58,2018-03-09,0.747,0.0394,221360,
0jqBo5RYn008f4ZY8kPewW,Indica Badu,Logic,64,2018-03-09,0.742,0.116,260320,
0D5CXSUx8GOCHSY8KWgi9h,Yuck,Logic,58,2018-03-09,0.619,0.381,173693,
2c8sgbZoEanC3QyFNZxUcA,Flexicution,Logic,66,2016-07-01,0.782,0.0899,218947,
1Kp6WFxRzc0sRBmGSgIYat,Gang Related,Logic,65,2014-10-21,0.597,0.0431,167320,
4s2BWgnSQ9NZiOQM4PP4HB,44 Bars,Logic,63,2016-07-01,0.728,0.319,182267,
7cj7vEylXFN6Lfjj183A3f,Buried Alive,Logic,1,2014-10-21,0.759,0.0613,337747,
6HN5XPJEV31RQJGoyqZ81K,Take It Back,Logic,59,2017-05-05,0.837,0.239,400013,
1py4qzrEEkOvU8uTHYLuOW,Super Mario World,Logic,59,2016-07-01,0.862,0.209,177680,
4q6oNFTjZmJqkIgPdp8iR1,Lord Willin',Logic,60,2015-11-13,0.648,0.0561,208667,
3lWCa9e0KhDghboM5L9C6d,Soul Food,Logic,58,2014-10-21,0.52,0.28,292933,
6bM3GKo47KVgvj3gHdWS0U,Like Woah,Logic,59,2015-11-13,0.717,0.0389,232693,
7fRfIvHPH6bHdMDjPFwTMh,Hallelujah,Logic,55,2017-05-05,0.667,0.19,448733,
0KiKfllNTmhImvXVIHqR0z,Young Jesus,Logic,60,2015-11-13,0.736,0.127,211573,
39Q27NGvm812YC9PJkXTSi,Driving Ms Daisy,Logic,0,2014-10-21,0.657,0.0597,240587,
1BTj47Up5m8601KOFrTvkj,I Am The Greatest,Logic,59,2015-11-13,0.801,0.148,202920,
6vKXDgJmquMzFSVBCH55Nc,Killing Spree,Logic,1,2017-05-05,0.854,0.159,206613,
7qT7NUDywO7vNJNTNxqWiN,Wrist,Logic,57,2016-07-01,0.854,0.242,205733,
6XoAT50mgAcIDpYXRqWOnV,City Of Stars,Logic,1,2015-11-13,0.415,0.131,376640,
1JFx9R87En9oJOi4DRH1e9,Nikki,Logic,62,2014-10-21,0.669,0.0354,203507,
4Mr73gFwZUeFnrfRov23we,Slave II,Logic,55,2016-07-01,0.515,0.16,196893,
4QRWA5UqYU1st9aO0UfxOj,Fade Away,Logic,62,2015-11-13,0.709,0.235,287400,
4dVJyyeCPEONr44NIrXvie,The Jam,Logic,55,2016-07-01,0.814,0.324,238400,
4npTFQuKygDyXdExVLJ2de,Never Been,Logic,1,2015-11-13,0.459,0.059,247133,
4iq3zHwgHSxstFvYw4yIsQ,Run It,Logic,57,2015-11-13,0.863,0.232,200800,
2gOYY2glUc6XMTnzBG59I4,Stainless,Logic,1,2015-11-13,0.7,0.0364,199573,
46gjYTEK7W8ZTABcglGP2f,Jumpman,Drake,7,2015-09-20,0.853,0.202,205879,
51sVgPeBHYwbeM1cWegVqR,Everybody,Logic,46,2017-03-31,0.885,0.0894,162373,
2bjwRfXMk4uRgOD9IBYl9h,Portland,Drake,74,2017-03-18,0.925,0.264,236615,
6UjfByV1lDLW0SOVQA4NAi,Gyalchester,Drake,70,2017-03-18,0.877,0.063,189230,
5f5r2N4Lp9WoULWPH9zp2W,Can't Have Everything,Drake,60,2017-03-18,0.856,0.373,228438,
0XpEoWpZqlQpGFYZXDU2Hj,Sacrifices,Drake,1,2017-03-18,0.903,0.397,307593,
77mLzdHEWRB60CLlV02TV2,America,Logic,51,2017-05-05,0.839,0.116,331347,
6OQea06z3cbOqYgG2O6eOZ,Killing Spree,Logic,56,2017-05-05,0.856,0.227,206613,
0q7LGcVSpsIoSbjChtZ8lI,Uptown (feat. Bun B & Lil Wayne),Drake,62,2019-02-15,0.416,0.343,382262,
6OnpdpwV97cpg5dHhtYWXL,Started From the Bottom,Drake,1,2013-01-01,0.79,0.183,173160,
49ySwzAyvxcNXOkOP6ZB1L,The Motto,Drake,10,2012-01-01,0.774,0.346,181400,
0Bpkq4z0VfjkO7kUME8gks,Forever,Drake,2,2009-01-01,0.459,0.35,357920,
0FyBloIEdLS3f3SodFiju1,Hold On We're Going Home,Drake,1,2013-08-06,0.765,0.068,227027,
6F609ICg9Spjrw1epsAnpa,Controlla,Drake,10,2016-05-06,0.607,0.249,245227,
4Kz4RdRCceaA9VgTqBhBfa,The Motto,Drake,73,2011-11-15,0.766,0.356,181573,
5YPMEOJ58kfl56VHxTgwx3,Play Hard (feat. Ne-Yo & Akon),David Guetta,66,2012-12-07,0.691,0.0533,201000,
7KPr0YxECy4Q1k2F17Sa0Q,Memories (feat. Kid Cudi),David Guetta,66,2010-02-12,0.546,0.233,210840,
5hxyXBPrfox78jdLaSAjwg,Danza Kuduro - Radio Edit,Don Omar,0,2014-02-18,0.699,0.12,199197,
1toz8k7rYIw4FS5jOSXxYH,Helicopter - Video Edit,Martin Garrix,2,2014-03-10,0.584,0.0379,206450,
4OqlUZGcMmd2s0SXxd8Jn3,Wizard - Radio Edit,Martin Garrix,0,2013-12-16,0.565,0.052,202412,
0hGSr4bb26syMkhIiPGNNe,Turn It Up,Dimitri Vegas & Like Mike,0,2013-06-11,0.452,0.107,283707,
2VWbHHhWnMzKWPUs4IEEW9,God's Plan,Drake,12,2018-06-29,0.754,0.108,198973,
2ExePm1EBdSJkr4Y4Nc50z,Gyalchester,Drake,3,2017-03-18,0.877,0.063,189230,
2jTujnt0y344ai1rNOywgr,KMT,Drake,64,2017-03-18,0.875,0.0435,162638,
3K01yfjGY0NslZrXkWVAtK,Siren,The Chainsmokers,63,2018-12-14,0.588,0.107,174307,
33ecyF2OHCK4HFUSp1hItE,Closer - T-Mass Remix,The Chainsmokers,47,2016-09-23,0.7,0.0444,247520,
5QcSDOm6mcvFDl7KBT1fHv,Spaceman - Carnage Festival Trap Remix,Hardwell,54,2012-12-29,0.712,0.0777,234160,
185CVwvQgfW5QXXeuLv7Rl,Side Effects - Nolan van Lith Remix,The Chainsmokers,36,2018-07-25,0.548,0.0977,184160,
5iemvGR1EraL9s3XvohIP3,Side Effects - Nolan van Lith Remix,Drake,1,2016-05-06,0.711,0.471,220427,
3iZ8223bfKeY87iTdcRMtJ,Digital Dash,Drake,1,2015-09-20,0.889,0.128,231231,
3YBZIN3rekqsKxbJc9FZko,Paradise City,Guns N' Roses,78,1987-01-01,0.273,0.0841,405640,
5tqSUxm3Wpql0dlLMrIAp1,Shadow Of Your Love,Guns N' Roses,58,2018-05-04,0.416,0.119,185573,
63HA3dpnOmdDcazJ9sDfrh,It's So Easy,Guns N' Roses,60,1987-01-01,0.375,0.128,201360,
2vNw57KPaYDzkyPxXYUORX,Nightrain,Guns N' Roses,61,1987-01-01,0.4,0.0725,266173,
5x6alRKb9sdCidGQz5luEd,Out Ta Get Me,Guns N' Roses,7,1987-01-01,0.405,0.078,263867,
4DnEyHNO8MdhFYFrDq73BV,Mr. Brownstone,Guns N' Roses,59,1987-01-01,0.487,0.0384,225707,
2C4aYxNpoPkmoZ3ZdPeuOB,Knockin' On Heaven's Door,Guns N' Roses,13,1991-01-01,0.496,0.0415,336000,
0ZEhlT9v8CdOKu55zhYGv9,Don't Cry (Original),Guns N' Roses,15,1991-01-01,0.437,0.0339,284800,
2dyfo7lqKI7NtSAhUZwnoJ,My Michelle,Guns N' Roses,57,1987-01-01,0.441,0.0514,218667,
267z5eJwlfiP5FZ3CklTtK,Think About You,Guns N' Roses,5,1987-01-01,0.241,0.105,231600,
0GQuzKlkH0otZ01oMFzsSu,You're Crazy,Guns N' Roses,4,1987-01-01,0.417,0.109,197200,
7iLeu3HnJt7hkxfrqO55V4,Anything Goes,Guns N' Roses,4,1987-01-01,0.366,0.062,206360,
5j6WdDC183izbbjedKsSAe,Rocket Queen,Guns N' Roses,4,1987-01-01,0.463,0.0419,375307,
04MNKrAnzrHDUzuXAtNoLr,Live And Let Die,Guns N' Roses,9,1991-01-01,0.262,0.0646,183973,
09PTdECef2Uxix7ma0HCxs,You Could Be Mine,Guns N' Roses,6,1991-01-01,0.35,0.122,343640,
7D5n2kpYH2WSqIyEO9MeXf,Patience,Guns N' Roses,67,1988-01-01,0.457,0.0313,354400,
2uduMoxSNLkDBhyLS2JroT,Used To Love Her,Guns N' Roses,48,1988-01-01,0.615,0.0311,191360,
46AtSShP5IL2Ls3uHpxmt8,Double Talkin' Jive,Guns N' Roses,53,1991-01-01,0.35,0.133,202040,
0EHzXpyi1swR8sMpbVHcLJ,Civil War,Guns N' Roses,6,1991-01-01,0.336,0.0732,462093,
3qjLlHdGbwDQYKYldJp56p,Since I Don't Have You,Guns N' Roses,4,1993-01-01,0.263,0.0496,261400,
2PrmCyoClC4ulLJR42z74O,There Was A Time,Guns N' Roses,51,2008-01-01,0.298,0.0924,400693,
3E5yOnpyHFerNmTVGn8ZXd,14 Years,Guns N' Roses,3,1991-01-01,0.41,0.0354,261373,
0ivarc4umuzp5I3J7lPDJc,Attitude,Guns N' Roses,49,1993-01-01,0.34,0.0938,87000,
39WoLsd8lNAdmYLr7z5o5G,Ain't It Fun,Guns N' Roses,3,1993-01-01,0.315,0.0646,305800,
4BZdQn690mETPLKmNDhbGi,Don't Damn Me,Guns N' Roses,3,1991-01-01,0.275,0.174,318867,
5dlAkAIEusU1FJcyaYMgVm,Chinese Democracy,Guns N' Roses,2,2008-01-01,0.474,0.0775,283213,
1416zt0Z35YVGt97dXMbxu,Right Next Door To Hell,Guns N' Roses,3,1991-01-01,0.366,0.169,182293,
3kSsbFBOdaflBNNJkiG1ja,New Rose,Guns N' Roses,49,1993-01-01,0.331,0.143,158360,
3nW5v0Htr1ySk8czTJIA2V,Better,Guns N' Roses,54,2008-01-01,0.563,0.042,297227,
4g9TfQAiEN6lDNRJJsiU9T,Sorry,Guns N' Roses,49,2008-01-01,0.402,0.0315,374187,
6fx2QjZU1Pf5DsHXMdGt0W,Sympathy For The Devil,Guns N' Roses,4,2004-01-01,0.321,0.179,455560,
0SvH3iaSrSb8zZnMCEis6C,Yesterdays,Guns N' Roses,3,1991-01-01,0.363,0.0554,196227,
2foNAckCzsyD0HJUbmhTZJ,Raw Power,Guns N' Roses,46,1993-01-01,0.308,0.0817,191827,
2lWfuwRnN6aSk50TPx6eCk,If The World,Guns N' Roses,2,2008-01-01,0.645,0.0528,293507,
1kq4BX4zZHyr4O5cJGcduh,Hair Of The Dog,Guns N' Roses,49,1993-01-01,0.517,0.0853,234907,
2dsamqceYOKqLNx2Ch6Zhz,Black Leather,Guns N' Roses,47,1993-01-01,0.466,0.142,248493,
638OrV0KtFGrxvLoAUvxCY,Shotgun Blues,Guns N' Roses,1,1991-01-01,0.255,0.199,203000,
4vtXsXvSYaTfKQ0dJXbJGu,Dust N' Bones,Guns N' Roses,52,1991-01-01,0.445,0.0443,298160,
5bGxSfPQfAsC6sBcHT3aZs,Pretty Tied Up (The Perils Of Rock N' Roll Decadence),Guns N' Roses,1,1991-01-01,0.431,0.119,287907,
2FEWcWHnDmGD6WSqpW4VYu,This I Love,Guns N' Roses,58,2008-01-01,0.263,0.0309,334373,
1JIQmOrYNMohZ8oygnm9Bg,Move To The City - Live In Japan / 1992,Guns N' Roses,35,1999-01-01,0.252,0.224,475963,
2da7wnI5OoV89TsdKMM81k,Knockin' On Heaven's Door - Live In London / 1992,Guns N' Roses,50,1999-01-01,0.271,0.0824,447160,
0yqcmfdOv3RuDXKaloCKxY,Sweet Child O' Mine - Live In Paris / 1992,Guns N' Roses,50,1999-01-01,0.235,0.0598,445173,
1lCRw5FEZ1gPDNPzy1K4zW,We Are The Champions - Remastered 2011,Queen,76,1977-10-28,0.268,0.0346,179200,
1CnN9udhDokm7lARZjMji2,Killer Queen - Remastered 2011,Queen,21,1974-11-08,0.535,0.0544,179600,
45Zo6ftGzq6wRckCUrMoBJ,Under Pressure - Remastered,Queen,35,2011-01-01,0.671,0.0478,248440,
54flyrjcdnQdco7300avMJ,We Will Rock You - Remastered,Queen,70,1977-10-28,0.693,0.119,122067,
10kmdx4OFs3OHwGa1CfYOF,We Are The Champions,Queen,0,1905-06-14,0.281,0.033,180800,
4Y1pFoYkE9aulSGRD39nqU,Keep Yourself Alive - 2011 Mix,Queen,42,1973-07-13,0.442,0.0744,227467,
6PT7wUJefYPEU1lX1lcLRJ,Doing Alright - Remastered 2011,Queen,42,1973-07-13,0.339,0.0344,249213,
385Urz8Qa8CIcK9tl3SA8g,Great King Rat - Remastered 2011,Queen,37,1973-07-13,0.35,0.2,342880,
3G0FqZoEi8Za1oEXdGYcNG,My Fairy King - Remastered 2011,Queen,35,1973-07-13,0.3,0.0333,248280,
6wSIhcotMYMwAwcO21uZCl,Liar - Remastered 2011,Queen,35,1973-07-13,0.217,0.153,383907,
2msar6CW5wBQlhm3YCYPTa,The Night Comes Down - Remastered 2011,Queen,34,1973-07-13,0.406,0.0633,263027,
16SdVJYuXEufNaMgGv4d4A,Modern Times Rock 'N Roll - Remastered 2011,Queen,33,1973-07-13,0.469,0.0734,108173,
1zK7i2QyuCmpYE209BMcPZ,Son And Daughter - Remastered 2011,Queen,34,1973-07-13,0.328,0.0434,199533,
4caYbCanhI1iKxVsLETOh1,Jesus - Remastered 2011,Queen,33,1973-07-13,0.367,0.172,224173,
6Si9ImvDVWAgjX3pfsldGM,Seven Seas Of Rhye - Remastered 2011,Queen,34,1973-07-13,0.245,0.0409,76573,
3T0wVh9SHCwI0NtMoqPnbm,Procession - Remastered 2011,Queen,33,1974-03-08,0.415,0.032,73133,
4jhf92TFSbLis5IFBEgimq,Father To Son - Remastered 2011,Queen,34,1974-03-08,0.155,0.0541,373853,
0TiXAAVOLdhZnto4Kwsgtm,White Queen (As It Began) - Remastered 2011,Queen,35,1974-03-08,0.242,0.0358,273200,
520tzZUTVcjEmxiTjYNj7y,Some Day One Day - Remastered 2011,Queen,33,1974-03-08,0.337,0.0364,262200,
5Ztwhn7zR0q7wRe2ZZsrmN,The Loser In The End - Remastered 2011,Queen,33,1974-03-08,0.386,0.157,241187,
5d7gSSTkL4syrnxli8dLYJ,Ogre Battle - Remastered 2011,Queen,33,1974-03-08,0.271,0.0928,248453,
1rzyMlUqq6MvTvzZYdB3C3,The Fairy Feller's Master-Stroke - Remastered 2011,Queen,35,1974-03-08,0.441,0.0909,160987,
04XOESV0aVnKMlUU1NhIG1,Nevermore - Remastered 2011,Queen,35,1974-03-08,0.366,0.0367,78667,
4FX8fPOIDRR2voDqOkfeKk,The March Of The Black Queen - 2011 Mix,Queen,36,1974-03-08,0.332,0.0787,392947,
6yDXKV8vEcJQgFievS1SbZ,Funny How Love Is - Remastered 2011,Queen,33,1974-03-08,0.444,0.081,169760,
1qP7KmHJbzvV8KsFPhW8wY,Seven Seas Of Rhye - Remastered 2011,Queen,38,1974-03-08,0.317,0.104,168973,
5XL2uuMLIYLefXJsxmLXus,Brighton Rock - Remastered 2011,Queen,37,1974-11-08,0.354,0.378,310013,
2AKOOhml62GZNFWDN7VqzT,Killer Queen - 2011 Mix,Queen,50,1974-11-08,0.535,0.0544,179600,
5m53JNox7zkJDMfoeLEa8D,Tenement Funster - Remastered 2011,Queen,33,1974-11-08,0.416,0.0337,166853,
0oHH9pt7O822uyspUQW0NW,Flick Of The Wrist - Remastered 2011,Queen,35,1974-11-08,0.338,0.0882,197293,
3PnczrUPUE8F2gDYw4Eyt5,Lily Of The Valley - Remastered 2011,Queen,34,1974-11-08,0.339,0.0281,104893,
2DRRh5Q7WJtMt11MDMlC70,Now I'm Here - Remastered 2011,Queen,36,1974-11-08,0.492,0.0511,252933,
18a6Hmy684ySE4RX3evAqJ,In The Lap Of The Gods - Remastered 2011,Queen,33,1974-11-08,0.326,0.0323,202613,
489S9D7zr1jSMlNZHLnKKX,Stone Cold Crazy - Remastered 2011,Queen,36,1974-11-08,0.429,0.0924,133813,
2qdpQrNXOuGGGvFmbKGpZM,Dear Friends - Remastered 2011,Queen,32,1974-11-08,0.317,0.0344,67573,
1Pq0jcWJlEYBgteQ1triQq,Misfire - Remastered 2011,Queen,32,1974-11-08,0.614,0.03,109653,
2eSAEd4El60OeatNib90TT,Bring Back That Leroy Brown - Remastered 2011,Queen,32,1974-11-08,0.702,0.0879,135307,
1zqzDv6vyh8JUHiG4yaElS,She Makes Me (Stormtrooper In Stilettos) - Remastered 2011,Queen,30,1974-11-08,0.461,0.0257,249200,
4cw0I3t6oxDCmnI1XGL0A2,In The Lap Of The Gods... Revisited - Remastered 2011,Queen,34,1974-11-08,0.41,0.0368,226813,
1cN13ivH3D66m9DoW2Z7iU,Death On Two Legs (Dedicated To...) - Remastered 2011,Queen,46,1975-11-21,0.373,0.0554,223920,
1DL2gvMBTCFmg2dREI9Lwp,Lazing On A Sunday Afternoon - Remastered 2011,Queen,45,1975-11-21,0.645,0.0535,67400,
253ewjP2R1LjKqA70mGdnk,I'm In Love With My Car - Remastered 2011,Queen,47,1975-11-21,0.292,0.065,184893,
4vhVDkSx9RSb2k6mWFMYNI,You're My Best Friend - Remastered 2011,Queen,65,1975-11-21,0.51,0.0411,170787,
6aNP9GlBi3VHPXl7w3Qjr9,39 - 2011 Mix,Queen,46,1975-11-21,0.524,0.0273,210800,
0K4USWqV0DZZ5sffa3wxh0,Sweet Lady - Remastered 2011,Queen,44,1975-11-21,0.312,0.0738,242120,
0VU7avDE4OZ36oVmLPSEZA,Seaside Rendezvous - Remastered 2011,Queen,47,1975-11-21,0.459,0.117,134120,
6C3wj5V8mqLYtYqgJCABZW,The Prophet's Song - Remastered 2011,Queen,46,1975-11-21,0.395,0.0452,500960,
2BlNyI35idBaI6BN6WGZeQ,Love Of My Life - Remastered 2011,Queen,53,1975-11-21,0.329,0.0299,217387,
5ajVHIX0J3vyUmPhqCBx9U,Good Company - Remastered 2011,Queen,44,1975-11-21,0.488,0.0431,203440,
4u7EnebtmKWzUH433cf5Qv,Bohemian Rhapsody - 2011 Mix,Queen,84,1975-11-21,0.414,0.0499,354320,
2ISPUUp4pzssWuR2Ic09vR,God Save The Queen - Remastered 2011,Queen,45,1975-11-21,0.17,0.0369,75333,
6In9ynCY22Ed1YRhpLMZLl,Tie Your Mother Down - Remastered 2011,Queen,37,1976-12-10,0.331,0.0648,287427,
6CD2NyrQ5rHmik1DjhdDdn,You Take My Breath Away - Remastered 2011,Queen,35,1976-12-10,0.234,0.0465,306480,
5L8t6EbGKFKc6MQlqQzYZz,Long Away - Remastered 2011,Queen,32,1976-12-10,0.494,0.0399,213413,
62daWSLgfeezIl4MTQFb08,The Millionaire Waltz - Remastered 2011,Queen,35,1976-12-10,0.323,0.0327,295333,
6susMmS2fohWe6TSlOfi1O,You And I - Remastered 2011,Queen,34,1976-12-10,0.526,0.0599,206147,
2u9vZyQU7Ld88MJ35nS55u,Somebody To Love - 2011 Mix,Queen,44,1976-12-10,0.406,0.0624,296480,
0YI4wdf0gMuM3CgzrRslur,White Man - Remastered 2011,Queen,30,1976-12-10,0.279,0.0694,298120,
7mg3XY5ti0yzp8RZL939Da,Good Old-Fashioned Lover Boy - 2011 Mix,Queen,39,1976-12-10,0.543,0.0302,173173,
3yuJVbCLjxcu0T6bZoiWXg,Drowse - Remastered 2011,Queen,31,1976-12-10,0.439,0.0338,223293,
4OOuZMDLHw37tWy9XJu3F7,Teo Torriatte (Let Us Cling Together) - 2011 Mix,Queen,33,1976-12-10,0.274,0.0291,355653,
4pbJqGIASGPr0ZpGpnWkDn,We Will Rock You - Remastered,Queen,79,1977-10-28,0.692,0.119,122067,
4WLcEC8RoscRuzmNf2EeXf,Sheer Heart Attack - Remastered 2011,Queen,39,1977-10-28,0.155,0.126,207600,
6SvRYfsIeNSVV2EAH7I9P0,All Dead All Dead - Remastered 2011,Queen,40,1977-10-28,0.491,0.0416,189587,
0nUCaKwNqO5whVAhEX1A1R,Spread Your Wings - 2011 Mix,Queen,59,1977-10-28,0.395,0.0329,274227,
1pQQRiL4O3weDAqk85hrYN,Fight From The Inside - Remastered 2011,Queen,37,1977-10-28,0.577,0.0755,181627,
4omLxn4XuiHhpwTpO9Yj68,Get Down Make Love - Remastered 2011,Queen,36,1977-10-28,0.446,0.268,230120,
2N5mE30V04xDvsX2caDLlj,Sleeping On The Sidewalk - Remastered 2011,Queen,35,1977-10-28,0.619,0.027,186080,
02lvTeAFIIsOd0wVNoRkQ5,Who Needs You - Remastered 2011,Queen,39,1977-10-28,0.863,0.0528,186853,
7pgv0D1HCBAFbGHNqHmegV,It's Late - Remastered 2011,Queen,38,1977-10-28,0.293,0.0575,386360,
1WttHhgIl0N0vXZYrOxF0C,My Melancholy Blues - Remastered 2011,Queen,45,1977-10-28,0.469,0.0333,211333,
3uaVLkgDqlYy153yFBUVtl,Mustapha - Remastered 2011,Queen,43,1978-11-10,0.595,0.123,181027,
6IAVxNFi1W88UhDeyvOsdo,Fat Bottomed Girls - 2011 Remaster,Queen,67,1978-11-10,0.332,0.0491,255600,
6VH7sh6fC6YPi297UC2Fkg,Jealousy - Remastered 2011,Queen,46,1978-11-10,0.574,0.031,193147,
5CTAcf8aS0a0sIsDwQRF9C,Bicycle Race - Remastered 2011,Queen,64,1978-11-10,0.463,0.0683,180813,
5HJiNvg6s7ovq5kPrztHKp,If You Can't Beat Them - Remastered 2011,Queen,40,1978-11-10,0.427,0.0681,255187,
00ITtxUozN0vifE2uYvtqn,Let Me Entertain You - Remastered 2011,Queen,41,1978-11-10,0.521,0.197,181693,
3OCQ5ybKASY4EIb4i9hsd7,Dead On Time - Remastered 2011,Queen,38,1978-11-10,0.31,0.288,203347,
06UXtRLTF6kdMSM3uaVCCU,In Only Seven Days - Remastered 2011,Queen,40,1978-11-10,0.517,0.0306,149253,
0TpWjIOuNMnpuRjriPbGiF,Dreamer's Ball - Remastered 2011,Queen,41,1978-11-10,0.607,0.0346,210147,
6jtctBYvybxCAmlg7nT6CS,Fun It - Remastered 2011,Queen,37,1978-11-10,0.832,0.296,208827,
16aW2zHbbpDDoSy0HCA8xc,Leaving Home Ain't Easy - Remastered 2011,Queen,37,1978-11-10,0.518,0.028,195040,
5T8EDUDqKcs6OSOwEsfqG7,Don't Stop Me Now - 2011 Mix,Queen,83,1978-11-10,0.559,0.17,209413,
2YrfSHux2BaTXQs1535EHC,More Of That Jazz - Remastered 2011,Queen,38,1978-11-10,0.354,0.0656,256653,
5p6xhgQCwzX0G9PadMU9GA,Play The Game - Remastered 2011,Queen,60,1980-06-27,0.242,0.0346,212533,
32wghPySDJ1mNdqhwW9YMh,Dragon Attack - Remastered 2011,Queen,44,1980-06-27,0.7,0.149,258773,
5vdp5UmvTsnMEMESIF2Ym7,Another One Bites The Dust - Remastered 2011,Queen,82,1980-06-27,0.933,0.161,214653,
3vVSwkIqE7j6AaIxsxXzNA,Need Your Loving Tonight - Remastered 2011,Queen,42,1980-06-27,0.604,0.0393,169200,
6xdLJrVj4vIXwhuG8TMopk,Crazy Little Thing Called Love - Remastered 2011,Queen,74,1980-06-27,0.599,0.0421,163373,
4w09y5LHv5vJDZO4hWS846,Rock It (Prime Jive) - Remastered 2011,Queen,41,1980-06-27,0.47,0.0612,273013,
0V7AVcMTaQqLKzxVloxWHj,Don't Try Suicide - Remastered 2011,Queen,44,1980-06-27,0.796,0.2,232120,
4tmERaVkzL7X64Oku4vDo0,Sail Away Sweet Sister - Remastered 2011,Queen,42,1980-06-27,0.512,0.0282,213427,
4xSDpJJNXAUis65Ogl7f7i,Coming Soon - Remastered 2011,Queen,38,1980-06-27,0.685,0.0455,170040,
1pBFEy8cz0Fq4Pru0c4awd,Save Me - Remastered 2011,Queen,62,1980-06-27,0.507,0.0269,229920,
3S1RgaEOY4JxjIIS0kt5Nu,Staying Power - Remastered 2011,Queen,38,1982-05-03,0.823,0.109,252133,
4ejjjAuVya6bapdTjZE9Lx,Dancer - Remastered 2011,Queen,36,1982-05-03,0.74,0.0344,230120,
14YQ2SSnv07HZjPP4Ud9mX,Back Chat - Remastered 2011,Queen,40,1982-05-03,0.787,0.0637,275093,
26FJA5apYWeehOGnZdUPob,Body Language - Remastered 2011,Queen,44,1982-05-03,0.828,0.0654,271600,
6nnH5zeFZOH3HMpEOG5DLg,Action This Day - Remastered 2011,Queen,35,1982-05-03,0.727,0.0403,214813,
30vbOgHRjyUbUZ1KWOY11C,Put Out The Fire - Remastered 2011,Queen,35,1982-05-03,0.545,0.0599,198240,
6xYHezItSIXOpxMvrVRJTb,Life Is Real (Song For Lennon) - Remastered 2011,Queen,37,1982-05-03,0.571,0.0246,211360,
47KKOdexdhKL2jgX673WrW,Calling All Girls - Remastered 2011,Queen,35,1982-05-03,0.613,0.0346,231853,
3QfLERjG54GUIAS9w86kul,Las Palabras De Amor (The Words Of Love) - Remastered 2011,Queen,43,1982-05-03,0.395,0.0282,271640,
7nhWtCc3v6Vem80gYPlppQ,Cool Cat - Remastered 2011,Queen,60,1982-05-03,0.818,0.11,209107,
4GetBW8bJ8lB2Y9ugFb30p,Tie Your Mother Down - Remastered 2011,Queen,26,1976-12-10,0.327,0.0722,286693,
2aSFLiDPreOVP6KHiWk4lF,Under Pressure - Remastered,Queen,59,1991-10-28,0.663,0.0479,236520,
1AhDOtG9vPSOmsWgNW0BEY,Bohemian Rhapsody - Remastered 2011,Queen,29,1975-11-21,0.414,0.0499,354320,
57JVGBtBLCfHw2muk5416J,Another One Bites The Dust - Remastered 2011,Queen,74,1980-06-27,0.933,0.162,214653,
0eFvoRSTTaR2q8bSWVjwfp,Welcome To The Jungle,Guns N' Roses,14,2004-01-01,0.456,0.112,271867,
1pwE0jB6MTtTWx8fzqriAj,Bohemian Rhapsody - 2011 Remaster,Queen,9,1981-10-26,0.392,0.0515,355467,
7GqWnsKhMtEW0nzki5o0d8,Killer Queen - 2011 Mix,Queen,67,1974-11-08,0.535,0.0554,179600,
6cFZ4PLC19taNlpl9pbGMf,Somebody To Love - 2011 Mix,Queen,69,1976-12-10,0.497,0.0565,296493,
4MhTFsyqIJnjsOweVcU8ug,Sweet Child O' Mine,Guns N' Roses,22,1987-01-01,0.449,0.0526,356400,
5NIPsWpDjJTFBoPxCUUeXp,Welcome To The Jungle,Guns N' Roses,19,1987-01-01,0.445,0.0856,273600,
59CsbfwLNCAUGbBQV3Tki4,I Want It All - Remastered 2011,Queen,19,1991-10-28,0.398,0.0472,241253,
0oWHLtxWeMJhmwxtrxhNK0,Welcome To The Jungle,Guns N' Roses,1,1987-01-01,0.443,0.0741,273600,
3YXHTOLPqPlSfRqZCHtFol,Princes Of The Universe,Queen,0,1905-06-08,0.396,0.0633,213200,
1u1DBObkLFscNCpRpXbYb9,Sweet Child O' Mine,Guns N' Roses,10,2004-01-01,0.45,0.0489,355267,
5Fz2wrKAjhKpWeTwvE1Ct3,Paradise City,Guns N' Roses,4,2004-01-01,0.28,0.127,406200,
71PgBc2BnQtIBq6Ct2jDMO,Knockin' On Heaven's Door,Guns N' Roses,2,2004-01-01,0.48,0.0379,336147,
5ESovjf8cOPtYanYJ26gKy,Patience,Guns N' Roses,2,2004-01-01,0.453,0.0313,356093,
7yi70YT2UBu5FpNLUUpkc6,Don't Cry (Original),Guns N' Roses,2,2004-01-01,0.292,0.0373,284093,
3ulPX3lyADhCnIaxJv8nxv,Fat Bottomed Girls,Queen,41,1981-10-26,0.327,0.0439,255667,
5HkFTCxSeJ3kGNyQJbT4rJ,Another One Bites The Dust,Queen,47,1981-10-26,0.922,0.122,215933,
7tFiyTwD0nx5a1eklYtX2J,Bohemian Rhapsody - 2011 Mix,Queen,76,1975-11-21,0.392,0.0536,354320,
6AAa4zIwllv49ACRh2ndLh,Killer Queen - 2011 Mix,Queen,55,2018-10-19,0.526,0.0472,179356,
2GAIycsMaDVtMtdvxzR2xI,Bohemian Rhapsody - 2011 Mix,Queen,54,2011-01-01,0.392,0.0536,354320,
2U9v51tNOoLRhwrU6j83uU,We Are The Champions - Remastered 2011,Queen,43,2011-01-01,0.268,0.0346,179200,
4OKf7CcYuw5H2HptkcKxcP,You're My Best Friend - Remastered 2011,Queen,61,1975-11-21,0.518,0.0452,170800,
7gXdAqJLCa5aYUeLVxosOz,Knockin' On Heaven's Door,Guns N' Roses,15,1991-01-01,0.486,0.0407,336000,
4igIYHF3B5VBxEafHauVo3,Fat Bottomed Girls - Remastered 2011,Queen,66,1978-11-10,0.337,0.0495,255600,
2N2yrmodOnVF10mKvItC9P,Don't Cry (Original),Guns N' Roses,74,1991-01-01,0.456,0.0327,283733,
4JiEyzf0Md7KEFFGWDDdCr,Knockin' On Heaven's Door,Guns N' Roses,77,1991-09-17,0.496,0.0415,336000,
2fuCquhmrzHpu5xcA1ci9x,Under Pressure - Remastered,Queen,81,1982-05-03,0.671,0.0476,248440,
3cMunJsyeFbyYm7X3LgW9T,Somebody To Love - 2011 Mix,Queen,55,2018-10-19,0.466,0.0629,295733,
65NTcXUtOb27NHKQ4fAcw0,39 - 2011 Mix,Queen,60,1975-11-21,0.524,0.0273,210800,
5r9AgnhkPQXeKG1w5rauDq,Sweet Child O' Mine,Guns N' Roses,8,1905-06-23,0.45,0.046,356000,
2bHQrsgmBzX5WF7thpMZrV,Paradise City,Guns N' Roses,1,2004-03-15,0.277,0.0979,406200,
4FYeIka527pqJV5Jm5EXai,Under Pressure,Queen,1,1991-10-28,0.67,0.0523,236760,
1kDYCn9VIDmOIbLZ2Xc7OO,Sweet Child O' Mine,Guns N' Roses,3,1987-01-01,0.45,0.046,356400,
2pDPnlF496mf3EBwrTCHN2,Paradise City,Guns N' Roses,2,1987-01-01,0.273,0.0768,406307,
1dM25yro2mjIAO5D1SvFDr,Welcome To The Jungle,Guns N' Roses,0,2004-03-15,0.438,0.102,271867,
5txoZyuAmtCfmDjUCEphWm,Somebody To Love - 2011 Mix,Queen,69,2018-10-19,0.466,0.0629,295733,
2Cc4xF0pwkk3G3VE1YofUu,Death On Two Legs (Dedicated To...) - Remastered 2011,Queen,12,1975-11-21,0.373,0.0554,223920,
7Dk2q3NMtkiHNAA4DuHIGF,Stone Cold Crazy - Remastered 2011,Queen,12,1974-11-08,0.429,0.0924,133813,
5sWevAyvYSRzGpIsdsRvJi,All We Know - Oliver Heldens Remix,The Chainsmokers,43,2016-12-16,0.711,0.0303,184253,
4kT9iDGAQt83gOUdbTUtaW,Somebody,The Chainsmokers,0,2018-10-26,0.532,0.0328,223147,
1SNiXDwSilLujcYdvfqVpT,Call You Mine,The Chainsmokers,62,2019-07-24,0.591,0.0289,217653,
2rXZir7PFYmCw93pK3iVaW,Te Quiero Pa´Mi,Don Omar,65,2016-11-11,0.759,0.0593,211627,
43CL49bukqUMNxontuQtR2,Zumba,Don Omar,57,2012-01-01,0.729,0.0397,263973,
0Mk48GaMgw0qz0auSymuHd,Perdido En Tus Ojos,Don Omar,58,2015-06-16,0.684,0.0312,234080,
4yb5Z9dwnKhO9gC0AZQYDe,Boomshakalaka,Dimitri Vegas & Like Mike,74,2019-11-29,0.727,0.0508,211920,
0TlLq3lA83rQOYtrqBqSct,Nonstop,Drake,82,2018-06-29,0.912,0.124,238614,
3o7TK4inMYzJC3ZMJCWsRC,Boomshakalaka - Dimitri Vegas & Like Mike vs. Afro Bros Radio Mix,Dimitri Vegas & Like Mike,71,2019-11-29,0.752,0.0461,211520,
417Lz9vsyAlnPkOZFMiJib,No Te Vayas,Don Omar,56,2019-11-22,0.759,0.0382,238733,
48NXpYRuvv9izul4oXhqS9,Salió El Sol,Don Omar,72,2006-01-01,0.887,0.0873,315293,
26RZ3DhnVlytdG6N1oxW1E,Pobre Diabla,Don Omar,12,2004-01-01,0.748,0.0517,252480,
32SmDHzbqYRAhX9Jq4gDnT,"No Se De Ella ""My Space""",Don Omar,50,2006-01-01,0.815,0.0934,222600,
69Ej1xrGjOcHvIMtMKxK0G,Dile,Don Omar,73,2003-01-01,0.817,0.141,204600,
3gvGnkmg8zVZdBAx4B7Cvq,Ayer La Vi,Don Omar,51,2006-01-01,0.801,0.0541,252387,
2U4kPiipwfc2oHmd0nGoj5,Dutty Love,Don Omar,60,2012-01-01,0.742,0.082,285333,
5nJaS3PEpyPfaWiLxIGtRX,Virtual Diva,Don Omar,62,2009-01-01,0.785,0.0505,239493,
4BxzNZpcm1j3JczZzGNe2k,Bandoleros,Don Omar,67,2006-06-20,0.662,0.251,305280,
7EjH9riHigml4DfyaAoHGr,Salió El Sol,Don Omar,31,2006-01-01,0.884,0.0845,317280,
1ji6mY9Gv7dO48rohMIr6p,Dile,Don Omar,49,2006-01-01,0.822,0.0938,206987,
4s7DK08ZqqU5EnjvQ6Vlle,Hasta Abajo,Don Omar,57,2010-01-01,0.697,0.0792,232227,
7zK02QSoQlMO0RAVqN0CI7,Dale Don Dale,Don Omar,3,2014-02-14,0.825,0.0789,214354,
4WEJrZwPMwsAUks6GOhnsz,Dale Don Dale,Don Omar,2,2004-06-20,0.825,0.0789,214354,
59VfSMPf55wSYTdZjQCHN6,Taboo,Don Omar,1,2010-01-01,0.442,0.0641,292160,
5YiYgzELh2M8I3LyLOMnNz,Guaya Guaya,Don Omar,49,2014-08-12,0.689,0.243,194013,
3mRC75ORY0GOABiqe1uZIg,Sexy Robotica,Don Omar,0,2009-01-01,0.741,0.0334,233987,
1hDCvZHOJiUbTPHLGjuv3L,Salio El Sol,Don Omar,0,2006-01-01,0.883,0.0844,317280,
0vnzk4L0JyMODSqLp3pHwo,Virtual Diva,Don Omar,57,2009-01-01,0.783,0.0485,242733,
4f49sFQko7jHLEFd3tCf5p,Ojitos Chiquitos,Don Omar,68,2006-01-01,0.801,0.24,229027,
6dSoW6hE1DZ0cnGbEN3tMs,"No Se De Ella ""My Space""",Don Omar,0,2006-01-01,0.815,0.0934,222401,
7y3q0izJ5weq86CLTu71u1,Ayer La Vi,Don Omar,0,2006-01-01,0.801,0.0541,251890,
3kD4wY5ODucuaCv78278Fb,Blue Zone,Don Omar,0,2009-01-01,0.796,0.0541,211093,
3FwSgJI8kdxuBJXHGRLhOi,Hooka,Don Omar,49,2010-01-01,0.732,0.16,237960,
3NgDulHteTVdF026IxY5bW,RX,Don Omar,49,2010-01-01,0.7,0.284,225013,
6W3ZaOQ1pAw1WDMq1Ljibk,Good Looking,Don Omar,47,2010-01-01,0.655,0.164,258627,
4phHbFt0h1NRXIgMNM8t0Q,En Su Nota,Don Omar,1,2006-01-01,0.657,0.272,219333,
1AMMH22Y62rF3PDLTVhIFL,Vacilón,Don Omar,61,2019-08-16,0.734,0.0824,177293,
4m2bEwpdeprzAh5iLJagYx,Dile,Don Omar,0,1905-06-25,0.828,0.139,204600,
1JYKbarxvGPD5ml1P2O9H7,Pobre Diabla,Don Omar,1,1905-06-26,0.741,0.0568,252480,
67L03LeXeZ73X7opELnh5P,"No Se De Ella ""My Space""",Don Omar,60,2008-01-01,0.817,0.092,222680,
5Mz30xAlgBsPHWmOAPm0yJ,Dutty Love,Don Omar,3,2012-01-01,0.738,0.109,285333,
6gokadtiVvFO0nuAoOLX98,Ramayama,Don Omar,67,2019-04-20,0.696,0.138,195987,
6w5wRGoHWI7Ktt9lQBLQig,Salió El Sol - Remastered 2016,Don Omar,54,2016-11-11,0.884,0.0973,315307,
79zvVrn65ksbiGQxrtV4I5,Guaya Guaya,Don Omar,67,2015-06-16,0.788,0.117,193613,
1PZrHbJjt5t7dP9OGRxcD0,Dale Don Dale,Don Omar,67,2003-01-01,0.831,0.0825,212413,
7KSXAZLs1uv0qSA4GktduG,Ojitos Chiquitos - Remastered 2016,Don Omar,55,2016-11-11,0.791,0.237,229027,
4cyYC67XY3weSVmSLdKLP8,Taboo,Don Omar,64,2010-01-01,0.43,0.0828,292160,
2Nf6VvmpR3LqSLfHvsduMD,Dile,Don Omar,18,2004-01-01,0.676,0.16,204587,
3Tqf2Y1dGgr7j3mtunEFaQ,Sexy Robotica,Don Omar,54,2009-01-01,0.741,0.0334,233987,
7rvILFySMopzPchZq9Bnmf,Cuéntale - Remastered 2016,Don Omar,50,2016-11-11,0.578,0.188,261307,
0BenZn1xELuxhb7Pjwyjxv,Hooka,Don Omar,60,2010-01-01,0.73,0.154,237973,
2y20Y2PP4EFCbdzeGk9WvS,Aunque Te Fuiste,Don Omar,54,2003-01-01,0.568,0.0444,243133,
3fgcNEuhaTEF5HfOWzh3pV,Conteo - Remastered 2016,Don Omar,49,2016-11-11,0.818,0.226,240027,
0A7uLa2SqVK5s5Y2V3kCyW,Good Looking,Don Omar,56,2010-01-01,0.629,0.156,258613,
6ywkJT7h0rIj8S1QKqAIDE,Angelito - Remastered 2016,Don Omar,49,2016-11-11,0.637,0.0415,284933,
0LcnZnhSQsoa9Dc51tj3wa,Quien La Vio Llorar,Don Omar,3,2004-01-01,0.47,0.0361,185613,
1Er25HUjQ73Iqc70QfmZPU,Blue Zone,Don Omar,45,2009-01-01,0.796,0.0541,211093,
5fwFQ9hooBZoxdboAHo99Y,No Sigue Modas Aka Ella No Sigue Modas,Don Omar,48,2012-01-01,0.704,0.0854,232000,
5Ji2qD1v0TGC5dlKIYA6Oo,Hasta Que Salga El Sol,Don Omar,49,2012-01-01,0.355,0.349,245040,
0cGKcnXQmiyU5WKubrEmDh,Belly Danza - Remastered 2016,Don Omar,46,2016-11-11,0.808,0.238,245827,
0aCjE4cpIQxLQcaNAj1xgW,Ronca,Don Omar,3,2004-01-01,0.676,0.199,301133,
5c84PdxrNFJnJXXb7JiaoZ,Slow Motion,Don Omar,37,2012-01-01,0.736,0.222,190360,
12ajClWUHnrqZOeefJxVsU,Te Recordaré Bailando,Don Omar,53,2015-06-16,0.718,0.0441,213240,
7AObnx2EzL6FeYjmdjPCoA,Ella Ella,Don Omar,47,2010-01-01,0.821,0.124,202600,
6Ef0wY433zqQm9UsdJLFXp,Repórtense - Remastered 2016,Don Omar,44,2016-11-11,0.771,0.0909,210813,
01FBBpA6WBl3arX7pxTFwO,Not To Much - Remastered 2016,Don Omar,44,2016-11-11,0.752,0.0564,211520,
6kLqhRVxHP27rd51kt4Fwk,Bailando Sola - Remastered 2016,Don Omar,44,2016-11-11,0.748,0.27,177160,
7uIRZRw4xM2IcfCP1sSwnD,Sandunga,Don Omar,51,2015-06-16,0.857,0.134,181333,
3K0jtXM4i435C6dFQWvgWr,Dobla Rodilla,Don Omar,46,2015-06-16,0.663,0.106,236480,
15a5yBoHJhHHWjKbyLO10s,Tírate Al Medio,Don Omar,46,2015-06-16,0.603,0.0536,236827,
38yQMFhgXnTFYOnxrbOv9v,Huerfano De Amor,Don Omar,43,2010-01-01,0.718,0.0449,292120,
4joRJ9BbN4S3PxvCehX73Y,Soledad,Don Omar,50,2015-06-16,0.62,0.101,192053,
7qvWz9AsvPmXlIWZ94VFpj,How We Roll,Don Omar,39,2009-01-01,0.742,0.172,245867,
5xPgLR8hKsPWlOBnurBi20,Yo Soy De Aqui,Don Omar,48,2015-06-16,0.698,0.172,263373,
03wOwEbTS3JR2Y2U0TxkFx,Encanto,Don Omar,49,2017-03-24,0.744,0.0499,195400,
7yxWmnTrXBxevDiMf2qrqI,Luna Llena,Don Omar,43,2010-01-01,0.735,0.0366,248627,
3spqYs23KuMYNRDv0ReTEK,Intocable,Don Omar,2,2004-01-01,0.887,0.172,166707,
5YTMV11r6H8eeKuHghbBql,Te Quiero Pa´Mi,Don Omar,51,2016-11-11,0.765,0.0595,212027,
6qUSs4FDzZUdAhY6JDIJfa,Who's That Chick? (feat. Rihanna),David Guetta,63,2010-11-22,0.675,0.116,201040,
7fJtPlEZKxu6gvkfBFc5tW,Too Good,Drake,59,2016-05-13,0.793,0.103,263373,
4CpKEkdGbOJV51cSvx7SoG,Controlla,Drake,62,2016-05-13,0.611,0.179,245227,
334S9SWZMjyRDN0wrHw7wk,Pop Style,Drake,51,2016-05-13,0.713,0.123,212947,
0i5hJIL7yApCPcyVRdYQxj,Así Es Que Es,Don Omar,20,2012-01-01,0.539,0.204,225160,
1qLeX26IEu3kPWxPfyBMGd,RX,Don Omar,38,2010-01-01,0.646,0.27,225333,
4faQPCxOllqodjw02kmRAu,Conteo - Fast And The Furious: Tokyo Drift Version,Don Omar,40,2006-01-01,0.824,0.214,200227,
2LQMEzryklBEgQQE3X6Puz,Dale Don Dale,Don Omar,12,2004-01-01,0.822,0.0845,212400,
6NMNgWgEAzde5M8U3lc6FN,Fake Love,Drake,6,2016-10-24,0.924,0.298,207813,
3nXxENgerStJd7S7fx9RzC,Entre Tu y Yo,Don Omar,0,2004-01-01,0.828,0.191,184147,
3hmjFpxcBeqX2ValXW9BBs,Ayer La Vi,Don Omar,57,2008-01-01,0.798,0.0533,252427,
5icsFs29pVsNjZdv2ckUGP,Virtual Diva,Don Omar,1,2009-01-01,0.76,0.0667,239293,
1tAutlhI9FwnKn7fVgmd5P,Without You (feat. Usher),David Guetta,59,2011-08-26,0.608,0.0285,208133,
6DXLO8LndZMVOHM0wNbpzg,Danza Kuduro,Don Omar,70,2010-01-01,0.699,0.115,198787,
1MQf5l7HVrFWnqaDWMmP88,Baldadig,Hardwell,29,2016-12-12,0.673,0.142,176241,
5EOLsMBMXN4NClB64pHKWk,Te Quiero Pa´Mi,Don Omar,1,2016-11-11,0.762,0.0664,212027,
3XQYggN24rz4gU9UoVwOYm,Los Bandoleros (feat. Tego Calderon),Don Omar,1,2015-07-31,0.592,0.381,304014,
0ZBP7LB2JvzoaKsBFElGRF,Do You Mean (feat. Ty Dolla $ign & bülow),The Chainsmokers,48,2019-07-24,0.6,0.0394,193176,
0TiC3GtlMCskf2hIUIBcDV,Crew Love,Drake,51,2011-11-15,0.418,0.238,208813,
7y6c07pgjZvtHI9kuMVqk1,Get It Together,Drake,69,2017-03-18,0.781,0.0514,250337,
3ppVO2tyWRRznNmONvt7Se,Summers Over Interlude,Drake,57,2016-05-06,0.698,0.0303,106333,
4c2xt1trwYZpMqPWY35Xi9,Jaded,Drake,68,2018-06-29,0.766,0.0412,262453,
1qyFlfPREPbRcS2BNszdYI,Dreams Money Can Buy,Drake,61,2019-08-02,0.423,0.529,253803,
4n4BflhWjCHIxrI4v7Xt9s,How Bout Now,Drake,66,2019-08-02,0.789,0.23,235566,
2xUHiyGeGrWmmfv7NbDTWC,Jodeci Freestyle (feat. J. Cole),Drake,57,2019-08-02,0.498,0.268,254022,
3jipFRgLyKK0oJoG1pKicx,Jaded,Drake,4,2018-06-29,0.766,0.041,262453,
0w1ZtnzQmtmuuoKxHT0pLL,Summer Games,Drake,4,2018-06-29,0.776,0.0356,247893,
343YBumqHu19cGoGARUTsd,Fake Love,Drake,75,2017-03-18,0.928,0.287,210937,
7JXZq0JgG2zTrSOAgY8VMC,Jungle,Drake,70,2015-02-12,0.69,0.0541,320400,
0V4l4GQhgnWQGtCWpvA7va,Crew Love,Drake,69,2011-11-15,0.418,0.238,208813,
124NFj84ppZ5pAxTuVQYCQ,Take Care,Drake,71,2011-11-15,0.629,0.265,277387,
047fCsbO4NdmwCBn8pcUXl,Marvins Room,Drake,74,2011-11-15,0.492,0.0921,347227,
0mkjekH9rwp4Fg5PxzUTrd,0 To 100 / The Catch Up,Drake,5,2013-07-14,0.559,0.39,275227,
5dHpbFmZjWucrol0M7aNGU,The Language,Drake,53,2013-01-01,0.823,0.318,224040,
48S3Pfu533qMMgHXmV1ruh,6 Man,Drake,1,2015-02-12,0.812,0.449,167653,
31LIXek4OCRgKJn4RWg5Yb,Used To,Drake,0,2015-02-12,0.926,0.107,268480,
2xpoTj7AeSFVuvD0ibD3Pg,No Tellin',Drake,1,2015-02-12,0.823,0.301,310933,
0bAkKNCQfWkexHFn7fIKns,In My Feelings,Drake,18,2018-06-29,0.735,0.139,217933,
1v1IXPXl73Z7zy6f5tUa9n,Emotionless,Drake,6,2018-06-29,0.413,0.213,302173,
0fTiDOXRNEN0lUeYGoSHml,Somebody,The Chainsmokers,69,2018-12-14,0.32,0.0493,221987,
2cooNqkhh52uvZJeHTHUm4,Who Do You Love,The Chainsmokers,11,2019-05-03,0.529,0.0388,225360,
7jqDzXJS0K0Re8uphYNit0,Sick Boy,The Chainsmokers,11,2018-01-17,0.548,0.121,193893,
6Na5uKk5SsqZimk0hAWo8y,Signs,Drake,70,2017-06-23,0.794,0.054,234373,
2Ceq5Ty6rJqazoZIWyS0Vc,Ocean (feat. Khalid) - David Guetta Remix,Martin Garrix,64,2018-08-17,0.609,0.0795,195833,
22zxLxXlXrBIm7XaazHNrg,Hold On (feat. Michel Zitron),Martin Garrix,75,2019-12-27,0.422,0.0385,244453,
7ENBXir2EaAuMnCZUQIDoL,Go To War,Hardwell,63,2019-11-22,0.553,0.0482,167500,
3wSrPtJpnGaUC2hOmJy0BV,Beast (All as One),Dimitri Vegas & Like Mike,71,2019-11-15,0.333,0.0563,189826,
2vfiK6HFMl34UzBxq4NNSK,Used To Love (with Dean Lewis) - SWACQ Remix,Martin Garrix,58,2019-12-20,0.765,0.0582,220800,
0mV5JWhyUFANd9qpwLkM8d,No Sleep (feat. Bonn) - DubVision Remix,Martin Garrix,69,2019-12-31,0.584,0.0589,239062,
5dS2dvXVPe7AR6UwBpnomW,Make It To Heaven (with Raye),David Guetta,72,2019-11-21,0.587,0.0914,172381,
0LtKw37CYqXqsRF9pyDGGx,Thing For You - David Guetta Remix,David Guetta,62,2019-08-30,0.44,0.061,203226,
5w00Xed2Okc8qZ9s5zOhbe,Latency,Martin Garrix,49,2018-10-19,0.66,0.18,204375,
2UdCIrsZR9bw96kcLAyAyh,Instagram - R3HAB Remix,Dimitri Vegas & Like Mike,63,2019-10-04,0.436,0.104,151897,
1sI9LpIHEEzQwSVnp8oyfD,Summer Days (feat. Macklemore & Patrick Stump of Fall Out Boy) - Tiësto Remix,Martin Garrix,10,2019-06-21,0.69,0.0594,255238,
58ctD8HaEUXJkdv7TTsmG8,Dreamer - Nicky Romero Remix,Martin Garrix,52,2018-12-07,0.435,0.0599,224762,
5oAgI7Pzg6vxuKrfapg3Pi,Pizza,Martin Garrix,59,2017-08-25,0.381,0.0355,255103,
5K3NDUPkLe46b5DRMt2RNJ,There For You - Madison Mars Remix,Martin Garrix,47,2017-08-18,0.6,0.163,175000,
2Yp9RZD8reu2mQ2mgFGfOZ,Honest - Gil Glaze Remix,The Chainsmokers,34,2017-08-04,0.558,0.0404,212053,
0OMds9VuIlMusNnBt4vgMQ,Just Some Loops - Original Mix,Martin Garrix,0,2013-10-05,0.814,0.147,303760,
2Ubw4Bs0yzYm4vtPTvtFwQ,Tremor - Radio Edit,Dimitri Vegas & Like Mike,1,2014-05-05,0.615,0.0367,193140,
1fG3qsNKRnbBji58Rb5SW8,Mammoth - Radio Edit,Dimitri Vegas & Like Mike,35,2013-07-15,0.571,0.47,160267,
3BC5s3KuoL1lhtllHkY4lV,Wizard - Radio Edit,Martin Garrix,1,2013-12-16,0.565,0.052,202413,
10BTymGGrWHokwzbHlkDl2,Project T - Martin Garrix Edit,Dimitri Vegas & Like Mike,31,2013-11-22,0.525,0.0372,187747,
5ZnzVZrSja6miEOxZIV8Q6,Virus (How About Now),Martin Garrix,3,2014-10-27,0.488,0.04,198077,
3m3OwRXheUtBRKmcVNUsFo,Helicopter - Original Edit,Martin Garrix,2,2014-03-17,0.601,0.0427,202507,
0HSHOXIDMwhFbXHnaxpvxE,Proxy - Original Mix,Martin Garrix,1,2014-03-07,0.682,0.0335,279385,
6oheWhUHTYSegLGV9x3BMd,Dragon - Radio Edit,Martin Garrix,2,2015-07-27,0.513,0.0628,196671,
4kcsjzzTSW263lhs5VOhVa,Animals - Jay Ronko Remix,Martin Garrix,10,2014-02-03,0.682,0.0396,253093,
2BF1X5nkYYSb0AUTRaGkDm,Forbidden Voices,Martin Garrix,5,2015-02-23,0.534,0.0368,230635,
4ZkVOb0mNnm3MFY2LeyqHY,Poison,Martin Garrix,2,2015-11-02,0.502,0.0363,248447,
0MyfJah9XRKoF68chrxVmZ,Bouncybob (feat. Justin Mylo & Mesto),Martin Garrix,2,2015-12-31,0.73,0.0692,251260,
7wZorJD5loL9ceLJ67sg6S,Now That I've Found You (feat. John & Michel),Martin Garrix,4,2016-03-11,0.495,0.0319,192632,
79IZKAygtVmTcVnJ2mlaIS,Oops,Martin Garrix,2,2016-06-13,0.618,0.0421,232510,
6uCsQ6JlUCEKTRhC2kQjPK,WIEE,Martin Garrix,49,2016-10-15,0.52,0.0544,203452,
1NKCqXjcYZ81Budit2CQMh,Sun Is Never Going Down,Martin Garrix,54,2016-10-16,0.506,0.0366,204418,
3lBoISh2FvtpdQt1lsU9nN,Spotless,Martin Garrix,51,2016-10-17,0.517,0.0482,195005,
4KX39APEOO2EgiZFkcJOfR,Together,Martin Garrix,49,2016-10-20,0.509,0.0343,221274,
7Jwe4iWB1G6c7TE7fRedrm,Animals - Radio Edit,Martin Garrix,8,2013-10-08,0.589,0.0353,176120,
5ZvAZJEH4R4YEbZegv1VDK,Welcome,Martin Garrix,38,2016-10-19,0.689,0.136,185095,
2MyJqg3BXc0vAD8KUtKHkS,Error 404 - Original Mix,Martin Garrix,0,2013-03-18,0.673,0.0887,333760,
389MC596K4IN35zaHAyuYz,Scared To Be Lonely - Brooks Remix,Martin Garrix,51,2017-03-17,0.604,0.0597,200625,
590BSKBR5povyuY6GPq1T3,Scared To Be Lonely - LOOPERS Remix,Martin Garrix,31,2017-03-24,0.61,0.16,251274,
20hsdn8oITBsuWNLhzr5eh,Byte,Martin Garrix,60,2017-04-07,0.597,0.0329,285089,
7qDV8EUMjj5sJdholWKUqk,There For You - Dzeko Remix,Martin Garrix,42,2017-08-18,0.61,0.154,159048,
4s2rzq6ZpCfg5ODq0z79QG,Don't Let Me Down - W&W Remix,The Chainsmokers,58,2016-05-27,0.431,0.121,195093,
1ReI4ZlpCqZA8AyeWf418b,Selfish - Ale Mora Remix,Dimitri Vegas & Like Mike,37,2019-04-19,0.408,0.119,200234,
02q7qbOYbE89NMFEtOklcc,Unity,Dimitri Vegas & Like Mike,66,2018-07-20,0.65,0.0406,234462,
5MgBUUjbkQ27Kd9CbeZFLo,Roses - Zaxx Remix,The Chainsmokers,52,2016-01-01,0.677,0.054,190267,
55y30bh2ZUtzOXjWLxn7XT,In the Name of Love - DallasK Remix,Martin Garrix,59,2016-11-11,0.522,0.0643,200597,
662vtOAyenh4uGaEP8buDu,Complicated (feat. Kiiara) - Diego Miranda & Wolfpack Remix,Dimitri Vegas & Like Mike,40,2017-10-06,0.524,0.059,250979,
27YP211Rr8RezhiFVDLFI8,Waiting For Tomorrow (feat. Mike Shinoda),Martin Garrix,59,2018-10-19,0.507,0.141,247505,
7J7D2Ezp32LxlYuNTZX48n,So Far Away - Nicky Romero Remix,Martin Garrix,40,2017-12-29,0.569,0.0443,342857,
1PYsy4cGp3egbeaQDjIGIa,Yottabyte,Martin Garrix,56,2018-10-19,0.634,0.0313,210005,
6x7r0lpyqxBKGq8J7LFMeu,Sun Is Never Going Down (feat. Dawn Golden),Martin Garrix,52,2016-10-28,0.506,0.0366,204418,
5Zpe48RJ5Vs1YuFRodYdeS,Game Over,Martin Garrix,57,2018-04-20,0.606,0.0895,155645,
0kdVIAjTAkAFo7dYdciDU1,Crowd Control - Radio Edit,Dimitri Vegas & Like Mike,56,2017-10-25,0.345,0.088,159429,
3dqGLyXoP2Bo32eU6Rd8SQ,Setting Fires - Blasterjaxx Remix,The Chainsmokers,41,2016-12-23,0.585,0.286,212347,
6PtXobrqImYfnpIxNsJApa,Bad (feat. Vassy) - Radio Edit,David Guetta,64,2014-04-06,0.614,0.088,170625,
5MBhTcvskTrgb6OmLLrOqE,Everybody Is in the Place - Original Mix,Hardwell,13,2014-04-21,0.67,0.0848,352639,
766RKRQ1ZJjmdBQ9y54HKj,Animals - Original Mix,Martin Garrix,5,2013-10-08,0.674,0.0386,304240,
2x6hopxvQkOzZTBdEMyUO2,Metropolis,David Guetta,40,2012-12-07,0.691,0.13,330013,
6KUyWWP7El9TZqzrDwdO9s,Blast Off - Radio Edit,David Guetta,20,2014-06-30,0.656,0.18,187932,
5wQeCrJTJxGZnILnyCBHjI,Lovers on the Sun (feat. Sam Martin),David Guetta,54,2014-06-30,0.645,0.0387,203520,
37FfCz1YODL6NAuWfxUzJh,Left Right,Hardwell,58,2019-10-18,0.709,0.0666,155827,
1geovaCdfs5fSa4NNgFPVe,Bella Ciao,Hardwell,67,2018-08-17,0.616,0.0462,203769,
7sV8l9oBVkyNlHXgZQZg6a,Bigroom Never Dies,Hardwell,57,2018-07-13,0.715,0.0532,175846,
3QjCmtOcE0GoiExw1XXcjw,The Underground,Hardwell,58,2018-01-22,0.497,0.0451,179200,
0Qv5qTV99tE5tRo5Kqde4D,Ready For Action,Dimitri Vegas & Like Mike,55,2017-06-02,0.639,0.107,224769,
0Gc1AVYqYOR522Nvz68dsT,The Hum - Short Edit,Dimitri Vegas & Like Mike,45,2015-05-04,0.729,0.0458,211000,
2RTDwuOYrdVrfest9QVLlP,Calavera,Hardwell,43,2016-04-11,0.689,0.0362,200625,
6AE0G24YXnDyEgE4L0efpB,Tremor - Sensation 2014 Anthem,Dimitri Vegas & Like Mike,58,2014-07-01,0.631,0.0363,294467,
3Kl3b2oW6BIQ1yehBpGNi0,Arcade,Dimitri Vegas & Like Mike,40,2016-02-29,0.565,0.0723,225000,
0zaaWhjBOtcxaTFvhL6znM,Louder - Radio Edit,Dimitri Vegas & Like Mike,2,2015-02-13,0.567,0.272,153784,
135TYaJ0WsivC2Zk7MEX4Y,Project T - Martin Garrix Remix,Dimitri Vegas & Like Mike,2,2013-10-14,0.561,0.042,312197,
4NRyVCNxLelhs9ZqRzbjjp,Project T - Original Mix,Dimitri Vegas & Like Mike,0,2013-09-16,0.614,0.037,308643,
6jmTQwFzejCurofZDz7x9k,Off The Hook,Hardwell,53,2015-09-14,0.705,0.0743,177058,
25dl9vcAJ9F6D6K35I3Nbw,Run Wild,Hardwell,46,2016-03-04,0.486,0.055,245538,
45j5Qj9Zv329jaT4qO22MQ,Arcadia - Radio Edit,Hardwell,34,2014-08-08,0.608,0.0351,193594,
5M9jOReAKGZ2AttVefFjTY,Don't Look Down,Martin Garrix,66,2015-03-17,0.575,0.0356,223140,
0uvFFLI3Z6zidLLUsHDVVk,The Only Way Is Up - Radio Edit,Martin Garrix,50,2015-12-11,0.593,0.0341,189390,
2bd7KLt028ssKE0K0WYWXl,Break Through The Silence - Radio Edit,Martin Garrix,4,2015-07-27,0.573,0.0666,204772,
54fgYLd9UtdPZVjx548Ver,Proxy,Martin Garrix,42,2014-07-01,0.667,0.0334,277547,
1xMLthTaWJieT9YGV1hyS5,Animals,Martin Garrix,36,2014-07-01,0.676,0.0389,303773,
5c7UATnb0XfIbyIHHfgIMb,Error 404 - Original Mix,Martin Garrix,0,2013-03-18,0.673,0.0887,333760,
7aCZfs36tXkWVFItKHNGcE,Wizard,Martin Garrix,0,2013-01-01,0.582,0.0707,281773,
06dT0EYXrhRQV1MsvWhNGv,Bad (feat. Vassy) - Radio Edit,David Guetta,51,2014-11-24,0.614,0.088,170625,
7qfwcqfGOkQYtzjF4UzJHM,Shot Me Down (feat. Skylar Grey) - Radio Edit,David Guetta,59,2014-01-27,0.347,0.0549,191412,
5RVE3ef6pf6bkLRFFv7cfs,Survivors - Radio Edit,Hardwell,22,2015-07-31,0.539,0.0678,187500,
138r3KZpQTolaujmTBuqlY,Melody - Radio Mix,Dimitri Vegas & Like Mike,46,2016-06-10,0.461,0.174,223385,
6MFzvkEysiwDXYTa7MKUvJ,United We Are,Hardwell,20,2015-01-09,0.704,0.0876,351749,
1AdfHX1DE79Q6walr15N7c,Birds Fly - W&W Festival Mix Edit,Hardwell,17,2015-12-04,0.574,0.0638,339375,
7qf3VKqcN2retPfpdMGHNu,Animals - Oliver Heldens Remix,Martin Garrix,30,2013-01-01,0.669,0.0452,262813,
0xiDZxhWDGSP6eUKdhs6jx,I'm Not Sorry,Hardwell,38,2019-03-08,0.649,0.0558,186094,
6dwVoXGSsQ1TTL5aw987pi,The Flight,Dimitri Vegas & Like Mike,64,2019-09-13,0.705,0.215,202615,
45GtpfaI7fg7mSZBQTNJss,Reckless,Hardwell,57,2019-07-19,0.618,0.0994,148125,
1jTKIuhvCHygnnY4QnUvyv,Louder - Radio Edit,Dimitri Vegas & Like Mike,57,2015-02-13,0.567,0.273,153784,
76fqWMe0buqQoaNTIbLWmr,Mammoth,Dimitri Vegas & Like Mike,55,2013-03-19,0.645,0.256,332289,
1oWQ8tQnoJTXQsn1Il2uMX,Ready For Action,Dimitri Vegas & Like Mike,2,2017-06-02,0.639,0.107,224769,
1QxS9R90ukf9T6ukPTu6GC,The Hum - Short Edit,Dimitri Vegas & Like Mike,45,2015-05-08,0.729,0.0458,211000,
1xEOoCGmv8rotFDo7n8GAg,Power,Hardwell,5,2017-09-22,0.49,0.108,148837,
1UPyhGntpIx9jGJ5UVtKVS,Call Me A Spaceman - Radio Edit,Hardwell,58,2012-05-18,0.581,0.0486,189375,
0NZqgkKllQXoFksQLBcEV9,Going Crazy,Hardwell,24,2016-08-29,0.603,0.128,182579,216000
3gEaSrF7vC2FhfAARGeCoK,Don't Stop the Madness,Hardwell,37,2015-01-23,0.686,0.171,225231,
1lnXv40bCk2bsc07rmHt1i,Arcadia,Hardwell,30,2015-01-23,0.608,0.0351,193594,
5yOQ7KQIHkSX4KDvHFIf9F,Area51,Hardwell,26,2015-01-23,0.634,0.0977,180000,
1bIKGbR82P2hDuLc4gE3vY,Nothing Can Hold Us Down,Hardwell,29,2015-01-23,0.475,0.0491,198750,
0W6yJKJW8I04iDT6BsINaL,Virus (How About Now),Martin Garrix,43,2015-02-13,0.493,0.0395,198387,
6JYOQ9AM0byHsOvh6hezJl,Wizard,Martin Garrix,38,2013-12-16,0.578,0.068,281260,
1CT9ebtobcouQw7G9mZ9AV,Helicopter - Video Edit,Martin Garrix,53,2014-03-10,0.584,0.0379,206450,
5GKnsJWmJ3UEkCLasSRZfU,Summer Air (feat. Trevor Guthrie) - Sunnery James & Ryan Marciano Remix,Hardwell,15,2019-10-04,0.662,0.0388,215238,
124zAWG7dEMRdA6v6SD0SG,Everybody Clap,Dimitri Vegas & Like Mike,49,2019-08-30,0.716,0.0705,152813,
3F7LKUuasfyLrNCS1thKq0,Turn Up,Dimitri Vegas & Like Mike,58,2019-08-30,0.616,0.0546,253385,
1ml3DHDWKMYaAjWy1NI5n2,Shine A Light,Hardwell,58,2018-06-22,0.538,0.0378,196216,
6C6MLXm77V9VH0v27oJRak,Thinking About You,Hardwell,54,2016-10-14,0.702,0.0507,191311,
4zQhv8XkDaFnd8NdouX2Gd,Mad World - Olly James and Ryan & Vin Remix Edit,Hardwell,10,2016-01-05,0.566,0.0422,227344,
0sNu1RdkrTUg7qmyOZYLgw,Don't Let Me Down - W&W Remix,The Chainsmokers,3,2016-04-15,0.435,0.14,195453,
1w6rw61wFJLFGoELmsrTi3,Don't Stop The Madness,Hardwell,0,2015-01-09,0.686,0.171,225231,
0q7Z447l6zGLWLW1DN29W8,Body Talk (feat. Julian Perretta) - Extended Mix,Dimitri Vegas & Like Mike,0,2014-09-15,0.621,0.275,290826,
4hhDqZgcSUOifI5c1kVOZD,Virus (How About Now) - Original Mix,Martin Garrix,0,2014-10-27,0.595,0.0398,273765,
087zhxfoAGzPjlaGJz2CuR,Dare You - Radio Edit,Hardwell,29,2013-11-15,0.457,0.0461,218438,
43jJTO4MBgmaRybAaIHVA3,Arcadia - Original Mix,Hardwell,22,2014-07-21,0.65,0.0321,298125,
2uBNU3OcfKYTygWZLZHysZ,Waves (Tomorrowland 2014 Anthem) - Original Mix,Dimitri Vegas & Like Mike,19,2014-08-04,0.633,0.113,305625,
2jBycJEWWfEldBWes79yDl,Everybody Is In The Place [Mix Cut] - I AM Hardwell Intro Edit,Hardwell,23,2014-06-27,0.544,0.0671,331833,
6GNIcpcbeWxSH1TJgmGDl7,Tremor (Sensation 2014 Anthem) - Radio Edit,Dimitri Vegas & Like Mike,0,2014-05-05,0.615,0.0367,193140,
4CQAOUbUQnKtsnDroEDAHR,Chattahoochee (The Tomorrowland Anthem) - DubVision Remix,Dimitri Vegas & Like Mike,25,2014-03-16,0.545,0.113,366142,
5uDGa3i2YBIWqJAB2MUtcx,Lovers on the Sun (feat. Sam Martin) - Stadiumx Remix,David Guetta,36,2014-07-21,0.632,0.0418,360238,
48Zk4JAM2sKSHLAWqhuxXc,Animals - Radio Edit,Martin Garrix,0,2013-07-06,0.593,0.0363,176118,
7t7oaaj2ZrMgA6evRFZoIh,Bigroom Never Dies - Mix Cut,Hardwell,38,2018-10-12,0.688,0.0531,169846,
0mHHOQPGDgDWH5FQRjS9Ib,Tremor (Sensation 2014 Anthem) - Original Mix,Dimitri Vegas & Like Mike,0,2014-05-05,0.63,0.0364,294375,
6I8gVxB8KT0XyYKnVyarys,Being Alive,Hardwell,49,2019-01-04,0.589,0.0975,221250,
1F9xcExF9W7m5BxTdlJLED,Repeat After Me,Dimitri Vegas & Like Mike,69,2019-01-11,0.321,0.0616,194261,
1tTitAq9hN8pPiVRlejoBw,How You Love Me (feat. Conor Maynard & Snoop Dogg) - Thomas Gold Remix,Hardwell,39,2019-02-22,0.612,0.0572,179130,
2Y6I8OVTgvz1Yuch4oQJcO,Say My Name (feat. Bebe Rexha & J Balvin) - Afrojack & Chasner Remix,David Guetta,64,2019-02-07,0.406,0.0594,251446,
6kRvtllePaPrrvftGsi9MS,I'm Not Sorry,Hardwell,21,2019-03-08,0.649,0.0558,186094,
12MqM3S0fTvR6X4Jt1Xvn6,Until You Were Gone,The Chainsmokers,57,2015-09-18,0.577,0.0451,215625,
5xv5YlwHeveuhd31bT21cN,Make It To Heaven (with Raye) - Rework,David Guetta,61,2020-01-17,0.679,0.0375,166000,
4xdNmYWQFo0ISB7jbTZzMh,The Anthem (Der Alte),Dimitri Vegas & Like Mike,55,2020-01-17,0.616,0.0702,154714,
16QhpULFOW9fE2yvXsJV6A,Takeaway - Andrew Rayel Remix,The Chainsmokers,62,2019-11-01,0.469,0.0727,180000,
35zWpeXJ71mprm8V9GOHpV,This Feeling - Tim Gunter Remix,The Chainsmokers,38,2018-11-09,0.415,0.0803,224013,
7fGn1cjdKNcXtwnPoiiGsN,Don't Leave Me Alone (feat. Anne-Marie) - R3HAB Remix,David Guetta,52,2018-08-17,0.618,0.0903,182461,
4B3NahKokb7lLkvaLFZFzn,Sick Boy - Owen Norton Remix,The Chainsmokers,38,2018-02-09,0.735,0.0606,194267,
4hJolpt4ZqzoZuET5l3rzV,Everybody Hates Me - Khrebto Remix,The Chainsmokers,41,2018-03-30,0.407,0.129,195493,
76pD98ghY1Hl05aDXzuFmq,Closer - R3hab Remix,The Chainsmokers,49,2016-09-23,0.775,0.0417,161120,
4ewreCanQVsPzCdRPsq05q,Everybody Clap,Dimitri Vegas & Like Mike,19,2019-08-16,0.718,0.0691,148125,
4LRezd065bAMvBlpwMAkx6,Thing For You - Don Diablo Remix,David Guetta,18,2019-08-16,0.755,0.087,172975,
3AlYAIWuDs2bYLevsTlHVj,Retrograde,Hardwell,46,2019-08-30,0.634,0.0471,251250,
4CVOUJki8YUWol3jhLphgs,Power,Hardwell,66,2017-12-01,0.49,0.108,148837,
37pmMCR4KBMXLTZ4uBrLTR,Drop To The Floor,Hardwell,61,2019-08-30,0.769,0.265,185625,
4OgmLJAMPDrT3Tc52iaw7Q,Higher Place - Bassjackers Remix,Dimitri Vegas & Like Mike,18,2015-08-28,0.677,0.173,288765,
0Ew1kz7hJjOTpH5IAwLcSU,Until You Were Gone - Reez Remix,The Chainsmokers,38,2015-12-18,0.509,0.0569,216267,
1JI70l1lE5IF2tgJm5TnMD,Don't Let Me Down - Hardwell & Sephyx Remix,The Chainsmokers,59,2016-05-20,0.509,0.0454,162440,
4Sdp10fc5XgHxL1VaiMVYN,Inside Out - DubVision Remix,The Chainsmokers,35,2016-07-15,0.719,0.0551,299547,
0Ye1olMyvB2rLjZ4vlYVWI,Closer - R3hab Remix,The Chainsmokers,51,2016-09-23,0.775,0.0417,161120,
7ldlgbsVshuUnFWyimgBxn,Paris - VINAI Remix,The Chainsmokers,40,2017-02-17,0.532,0.0432,218787,
2sp1QtoKfxJaSlsu8NOLTn,In The Name Of Love - The Him Remix,Martin Garrix,50,2016-11-11,0.642,0.0379,209280,
5pOCxpmhVPYmJqny2LWsDT,Scared To Be Lonely - DubVision Remix,Martin Garrix,44,2017-03-17,0.669,0.122,190866,
0jTFKCb21Yd4UMV5Xk9EUz,Something Just Like This - R3hab Remix,The Chainsmokers,42,2017-04-28,0.705,0.0366,162880,
619bJQ9uDi8dnXzLebFI7y,When Love Takes Over (feat. Kelly Rowland),David Guetta,64,2009-04-17,0.658,0.0255,189000,
5QkVPG2Hf3MmAarireF6lh,Who Do You Love - R3HAB Remix,The Chainsmokers,61,2019-03-22,0.529,0.0456,152120,
2OSsMwCiZPC44tJ4OPVSZF,All I Need (with Gucci Mane),Dimitri Vegas & Like Mike,52,2018-05-04,0.492,0.0567,185265,
3UEfOvhtrnpw57gDbSixri,Everybody Hates Me - Steerner Remix,The Chainsmokers,29,2018-03-30,0.453,0.0957,176667,
793L9VYMEBkbA6pzT53usi,You Owe Me - Subfer Remix,The Chainsmokers,30,2018-03-09,0.484,0.131,236493,
0iWYUegJm3Ty16VEp69HLs,Honest - Tritonal Remix,The Chainsmokers,40,2017-08-04,0.352,0.0526,259960,
5qEK1dvlPMpOYZTBFPGGPV,Scared To Be Lonely - Conro Remix,Martin Garrix,50,2017-03-24,0.501,0.0651,202839,
0wwPcA6wtMf6HUMpIRdeP7,Hotline Bling,Drake,77,2016-05-06,0.891,0.0558,267067,
77TT8Xvx637TpzV8kKGkUw,Titanium (feat. Sia),David Guetta,66,2011-08-31,0.604,0.103,245040,
1HfPcQ3c2HyGeID3u1lmCa,She Wolf (Falling to Pieces) (feat. Sia),David Guetta,53,2011-08-26,0.492,0.0655,222500,
2QD4C6RRHgRNRAyrfnoeAo,Play Hard (feat. Ne-Yo & Akon),David Guetta,58,2011-08-26,0.691,0.0533,201000,
7sG2bWi2eDtvX9vX8yC1Gn,Inside Out,The Chainsmokers,59,2016-04-01,0.545,0.0315,233773,
0B8B8cVRFIG1yznoQe7c9s,Setting Fires,The Chainsmokers,53,2016-11-04,0.627,0.0376,247427,
0JWeXAsgB7Bz9I87hmGpB9,Hey Baby (feat. Debs's Daughter),Dimitri Vegas & Like Mike,41,2016-10-28,0.658,0.0845,190813,
1TcNWttaet1eKCwl2p6Qae,Freedom,David Guetta,38,2018-09-14,0.456,0.0962,235160,
2lYTJK94hb0fd1LQtb6Dhk,Don't Leave Me Alone (feat. Anne-Marie),David Guetta,68,2018-07-26,0.659,0.0477,183750,
0tgbSxoFjZ20MjfoKwWevV,Your Love,David Guetta,70,2018-06-14,0.571,0.0336,185620,
753Iu3NzP9gFKxcsHbm3aj,Three Triangles (Losing My Religion) - Original Club Mix,Hardwell,29,2013-07-01,0.731,0.0748,438760,
04ahbsJ3AfLwTOXeIimwdH,Turn Up,Dimitri Vegas & Like Mike,18,2019-07-26,0.616,0.0546,253385,
7CTFHf1K6ZuzHANR7g1xk7,Selfish - DVLM & Brennan Heart VIP Remix,Dimitri Vegas & Like Mike,50,2019-04-19,0.348,0.15,173868,
06lUC60bYItTvFWGuEKyvt,Patser Bounce,Dimitri Vegas & Like Mike,50,2018-02-01,0.295,0.0729,152421,
6EJMN1wW6ciSAB57yRLErU,You Owe Me - Magnace Remix,The Chainsmokers,34,2018-03-09,0.615,0.0484,207320,
3LewMbGqmR4IYtifSNxbGz,Something Just Like This - Dimitri Vegas & Like Mike Remix,The Chainsmokers,50,2017-04-28,0.455,0.0669,230573,
0SvTKEBT6vWVqQuEAd1A6w,Complicated (feat. Kiiara) - Brennan Heart Remix,Dimitri Vegas & Like Mike,46,2017-10-13,0.341,0.0413,205751,
5dJw4bL9BziBStitvelyAS,Don't Let Me Down - W&W Remix,The Chainsmokers,0,2016-05-27,0.431,0.121,195453,
5qGm4fh5w7VLeAry2SSHqG,Nothing Can Hold Us Down (feat. Haris) - Dr Phunk Extended Remix,Hardwell,20,2017-01-27,0.49,0.0289,257638,
4zqdwKxXUQm2NR2HeJEydf,Get Down,Hardwell,9,2016-12-23,0.549,0.263,168750,
0HT6YGHjXKNvnTjGGtur3j,Spotless,Martin Garrix,53,2016-10-28,0.517,0.0482,195005,
1hl2Nq6SaJnAlQNTPESgzj,8Fifty,Hardwell,16,2016-07-01,0.66,0.0677,183750,
7M2t0mMSjLJSweu8BwrY2R,Wakanda,Dimitri Vegas & Like Mike,38,2013-02-18,0.625,0.082,299113,
40yIp7jGQGOgbfrnGO5D59,Tremor - Sensation 2014 Anthem; Radio Edit,Dimitri Vegas & Like Mike,42,2014-05-05,0.615,0.0367,193140,
3Lafcv0e7seIvJ3tNUxBzd,The Hum - Short Edit,Dimitri Vegas & Like Mike,29,2015-05-07,0.729,0.0458,211000,
7lPYeA9mG7nsokze71Da2L,Stampede - Major Lazer x P.A.F.F. Remix,Dimitri Vegas & Like Mike,25,2014-03-17,0.631,0.046,271383,
2suFmuGiImluGE4yuFms6Z,Animals - Victor Niglio & Martin Garrix Festival Trap Remix,Martin Garrix,41,2014-01-27,0.661,0.0388,198466,
15Y8RmICSiuyC1wsfatiFg,Melody - Radio Mix,Dimitri Vegas & Like Mike,34,2016-05-09,0.461,0.174,223385,
3cc0xXhN0KMcBQaUzGEEOv,Arcadia,Hardwell,28,2014-10-03,0.608,0.0351,193594,
7wI7vVQd34lK21uuHLIzog,Mammoth - Radio Edit,Dimitri Vegas & Like Mike,0,2013-06-03,0.543,0.446,160258,
4s2DV3XsCXMN09Wx0E8kCU,Kontiki - Original Mix,Hardwell,26,2012-04-30,0.584,0.0463,419646,
7LGrlydlwonTN6iz8x5ASe,Dare You (feat. Matthew Koma) - Radio Edit,Hardwell,27,2013-12-10,0.456,0.0463,218440,
5v54ZQ0glzbB9XUPTaX0cj,Apollo - Radio Edit,Hardwell,50,2013-01-11,0.56,0.0666,209766,
16SsiQFVS2ZyxqqF5OB7m8,Lovers on the Sun (feat. Sam Martin),David Guetta,32,2014-06-30,0.645,0.0387,203520,
6q3xjpQ2c3EwTdk5WvToyA,Ocarina,Dimitri Vegas & Like Mike,0,2015-04-04,0.581,0.0627,294880,
5JKxXqoAkUSKKy61IVT4Re,Waves (Tomorrowland 2014 Anthem) - Original Mix,Dimitri Vegas & Like Mike,20,2014-08-04,0.633,0.113,305625,
2vdVPrisNiFpq59zuur2my,Don't Stop The The Madness **Hardwell Exclusive** [Mix Cut] - Original Mix,Hardwell,33,2015-01-20,0.676,0.278,221654,
7nuPjNAEL3qcEUcZre7rJF,Everytime We Touch (with Steve Angello & Sebastian Ingrosso),David Guetta,47,2007-06-15,0.707,0.0354,220640,
32a2n4NPXhH3OI06VPLwTA,Delirious (feat. Tara McDonald) - Laidback Luke Remix,David Guetta,24,2008-02-29,0.804,0.0717,438787,
77150VeZyBgJ4tpkiXglQ8,Tomorrow Can Wait,David Guetta,26,2007-06-15,0.675,0.0293,189880,
5WZlcp0VzfkcD5E8qAwPFD,Joan of Arc (feat. Thailand),David Guetta,4,2007-06-15,0.611,0.0408,240640,
4j6BcyceyKxf8cDKvzd7N7,When Love Takes Over (feat. Kelly Rowland) - Laidback Luke Remix,David Guetta,17,2009-04-17,0.71,0.0537,368587,
75Mdxidet9XgTS9KDZxLOV,Stay,David Guetta,24,2004-06-04,0.756,0.0609,339653,
527BJf6rzamNYjWkpcDexu,Just For One Day (Heroes) (Extended Version),David Guetta,0,2003-06-16,0.606,0.229,397853,
28O4PwkH8bzARStxeL4pxL,Sexy Bitch (feat. Akon) - Featuring Akon;explicit,David Guetta,5,2009-08-14,0.815,0.0486,195853,
5uEdRMxRDaWOA4ZWMOEKM1,Memories (feat. Kid Cudi),David Guetta,0,2009-08-24,0.545,0.266,210853,
2gtEGntMPE9byfiTa2pRpr,Sound Of Letting Go (feat. Chris Willis),David Guetta,0,2009-08-24,0.656,0.0286,227067,
1HzTvjlL2z1ok5QzfDvPrp,It's your life (feat. Chris Willis),David Guetta,0,2009-08-24,0.709,0.122,225000,
0eq2B9lsa8hhyYLzxPOnLl,Love Is Gone - Original Extended,David Guetta,12,2007-05-18,0.83,0.0458,405133,
3hwl1Cum23MWL62FykUifP,I'm Not Sorry,Hardwell,45,2019-03-08,0.649,0.0558,186094,
1c4I73mPr8y6jSmvhfvuZG,Chase the Sun,Hardwell,6,2019-02-08,0.498,0.0503,183281,
5Gi8lLH3edcexP99srU1Nl,Waiting For Tomorrow (feat. Mike Shinoda),Martin Garrix,56,2018-10-18,0.507,0.141,247505,
5iFCdVNg0X6ElfYAsd7RiE,Out Of This Town,Hardwell,65,2018-10-05,0.553,0.0703,195200,
7deNOgcnSseExDbh0rKbeZ,Access,Martin Garrix,49,2018-10-17,0.726,0.0931,195454,
2ce4J8eyrjLRCQlmEx7qRL,Latency,Martin Garrix,53,2018-10-16,0.66,0.18,204375,
7wxeGWvf8HNuUeK4k06mOr,Opa,Dimitri Vegas & Like Mike,57,2018-07-22,0.455,0.0895,206250,
1f2KFoYjUw5CxWxzFKqjEh,Higher Place (feat. Ne-Yo) - Afrojack Remix,Dimitri Vegas & Like Mike,0,2015-12-28,0.567,0.0503,195586,
6ICtjZyqSTXxAMIu9QN63h,Mad World - Radio Edit,Hardwell,42,2015-10-16,0.472,0.0348,210703,
06EYeMQY1wmjHfMr3mDT0M,Survivors (feat. Haris) - Radio Edit,Hardwell,20,2015-07-31,0.539,0.0678,187500,
56fwHfJaBpaauvFJrnwk2L,She Wolf (Falling to Pieces) [feat. Sia],David Guetta,4,2012-08-17,0.51,0.0679,210577,
1jf4zm3rN0CtpHED3g8umw,The Alphabeat - Radio Edit,David Guetta,30,2012-03-23,0.329,0.292,205591,
0hv6ku4431kPrjbpBBspw3,Animals - Original Mix,Martin Garrix,5,2013-07-01,0.675,0.0392,304229,
0DRi5kNH72KpXeMtODcyzg,Encoded - Radio Edit,Hardwell,20,2011-05-02,0.657,0.0468,131250,
2vwSLlS9YDk1rlbkbImV55,Tremor - Original Mix,Dimitri Vegas & Like Mike,0,2014-05-05,0.63,0.0365,294375,
3vVmMB8vMoBT0fSOMLFnML,Arcadia [Mix Cut] - Original Mix,Hardwell,27,2014-06-27,0.526,0.0322,233067,
5tjpOTsbVVbqWRQuymGnuy,Beach House - Ashworth Remix,The Chainsmokers,51,2018-12-08,0.772,0.0507,204453,
1VLzca7LUFQxYAgEVlGeUa,Hold On (feat. Michel Zitron) - Julian Jordan Remix,Martin Garrix,54,2019-12-31,0.723,0.0533,279979,
1ZpyIjwjGyW6Pt5NrQ0f1w,Left Right,Hardwell,57,2019-10-18,0.709,0.0666,155827,
7yEM9hYRsw9R3pJB5W0gxb,Jump,David Guetta,63,2019-10-03,0.775,0.182,214219,
6VhUSZi0GZQ3k1k6NsL021,Summer Air - DubVision Remix,Hardwell,34,2019-09-20,0.575,0.0393,196190,
1cN45YtJost0rjvbseomXj,Mistaken (feat. Alex Aris) - Club Mix,Martin Garrix,50,2019-03-31,0.61,0.0462,282476,
2dbLCOrqUtJz4mBS9pBtlj,Waves (Tomorrowland 2014 Anthem) - Radio Mix,Dimitri Vegas & Like Mike,28,2014-08-04,0.516,0.216,206250,
7qbTB6m4Wn7CUIM6LzVMYm,Repeat After Me,Dimitri Vegas & Like Mike,16,2019-03-08,0.321,0.0616,194261,
735f5J0cA4VqAyxmsARit0,Bounce (feat. Snoop Dogg),Dimitri Vegas & Like Mike,53,2018-10-05,0.596,0.123,157615,
5UHrKSQhNs96msAx8LPVwS,Breach (Walk Alone),Martin Garrix,52,2018-10-19,0.738,0.216,178125,
6lBQ0SMCrJ7zy1LSCuXqwV,Lions in the Wild,Martin Garrix,57,2016-05-27,0.504,0.0442,211890,
0sfbunyd3a7IFoWwEt8dsk,Don't Leave Me Alone (feat. Anne-Marie) - Oliver Heldens Remix,David Guetta,49,2018-08-31,0.739,0.0612,204224,
44WZ7uXkOKHqzlpLtI6aXK,Higher Place - Bassjackers Remix,Dimitri Vegas & Like Mike,29,2015-07-17,0.677,0.173,288765,
1r1AGkq5U0pBBcL9WUqkAh,Instagram - Bassjackers Remix,Dimitri Vegas & Like Mike,21,2019-07-27,0.494,0.0813,217178,
0GnSNtOfVCCQ5Wx9rzlWYV,Ocarina (The TomorrowWorld Anthem) (feat. Wolfpack) - Instrumental Mix,Dimitri Vegas & Like Mike,47,2014-02-14,0.58,0.0649,295027,
7cVaJvsIIcgzSdH204p2CX,The House Of House,Dimitri Vegas & Like Mike,54,2018-03-30,0.565,0.0672,267040,
2upg54yj5PG52W5igIxspp,Best Friend's Ass - Dimitri Vegas & Like Mike Remix,Dimitri Vegas & Like Mike,7,2019-08-10,0.777,0.167,172192,
6lMNMaq2OaE7UIQiBevauB,Everybody Clap,Dimitri Vegas & Like Mike,56,2019-08-16,0.716,0.0685,148125,
5Uj0VnayJKOuP9GmmDPNOx,Untz Untz,Dimitri Vegas & Like Mike,65,2019-05-17,0.678,0.089,198584,
5qIzTkMpgEFfvkDdr9zJzg,Stay (Don't Go Away) [feat. Raye] - Nicky Romero Remix,David Guetta,54,2019-06-14,0.593,0.0477,177889,
2B8eAzF1rlTOLynq5zgXsG,Never Say Goodbye - Radio Edit,Hardwell,42,2013-06-21,0.426,0.0546,204942,
1jvT3CCQpyysWB1JcqZwSi,Just One Last Time (feat. Taped Rai),David Guetta,41,2011-08-26,0.532,0.0579,227107,
4yQpMgnJSWXdjrZr8B8XZz,Countdown - Original Mix,Hardwell,39,2013-10-21,0.769,0.0969,278438,
4tQMd2go7qhp914CTHKdql,Jumper - Radio Edit,Hardwell,27,2013-09-23,0.671,0.121,178125,
1Ca2ELRlvACAeI7xz9c9jR,Spaceman,Hardwell,52,2012-02-06,0.599,0.0553,379261,
0coMLoVcagZPGF5zxc5RF8,Everybody Is In The Place - Radio Edit,Hardwell,28,2014-04-18,0.609,0.0867,171697,